,Compound,Date,Negative,Neutral,Positive,Tweets Ago,User,color,msg
0,0.6486,Sat Jun 09 21:45:04 +0000 2018,0.654,0.0,0.346,1,@nytimes,orange,"These sweet, lemony rolls are a fresh alternative to classic cinnamon rolls https://t.co/prmvr6p22Z"
1,-0.2411,Sat Jun 09 21:30:11 +0000 2018,0.906,0.094,0.0,2,@nytimes,orange,"In @NYTOpinion

Sarah Jackson writes, ""Anthony Bourdain was not just curious about food and the world. He was aware… https://t.co/5hEzlnvRuR"
2,0.0,Sat Jun 09 21:15:06 +0000 2018,1.0,0.0,0.0,3,@nytimes,orange,Anthony Bourdain understood that eating was simply a way of taking the world inside you https://t.co/MFUCcrSnln
3,0.0,Sat Jun 09 21:00:09 +0000 2018,1.0,0.0,0.0,4,@nytimes,orange,"A salmonella outbreak has been linked to melons sold at Trader Joe's, Costco, Walgreens and other stores in 8 states https://t.co/OelPlvpK5c"
4,0.0,Sat Jun 09 20:45:08 +0000 2018,1.0,0.0,0.0,5,@nytimes,orange,"With American presidential races requiring an ever-dizzying amount of money, a behind-the-scenes 2020 contest is al… https://t.co/tHOnZLcUXg"
5,0.0,Sat Jun 09 20:37:06 +0000 2018,1.0,0.0,0.0,6,@nytimes,orange,"RT @NYTNational: ⚡️ “Audio Series: ​Charm City”

https://t.co/wY7o7Opy3u"
6,0.0,Sat Jun 09 20:30:05 +0000 2018,1.0,0.0,0.0,7,@nytimes,orange,"Surveillance cameras are an inescapable fixture of the modern city. But in Newark, the police have taken an extraor… https://t.co/lzw2Eo7eCH"
7,-0.6249,Sat Jun 09 20:15:09 +0000 2018,0.788,0.212,0.0,8,@nytimes,orange,We demolish the lame excuses British executives gave for the lack of women on corporate boards. Read the latest Gen… https://t.co/jhJiWjGPGd
8,0.4019,Sat Jun 09 20:00:07 +0000 2018,0.791,0.065,0.144,9,@nytimes,orange,"With Kyrie Irving's popularity has come controversy: He has questioned several times whether the Earth is round, an… https://t.co/XuXD1Q2qPy"
9,-0.2732,Sat Jun 09 19:45:02 +0000 2018,0.829,0.114,0.057,10,@nytimes,orange,"In @NYTOpinion 

Daniel Patterson writes, ""No matter how famous and seemingly unapproachable he became in the world… https://t.co/BQnrKYPvyI"
10,-0.7351,Sat Jun 09 19:30:10 +0000 2018,0.676,0.324,0.0,11,@nytimes,orange,Gun ranges and gun shops in several states have declared themselves “Muslim-free zones.” Several Muslim gun owners… https://t.co/GOwpHFkLks
11,0.8126,Sat Jun 09 19:15:07 +0000 2018,0.709,0.0,0.291,12,@nytimes,orange,"In @NYTOpinion 

Musa Okwonga writes, ""Here we are again on the eve of the planet’s greatest traveling festival: Ye… https://t.co/nBxJnGwvsF"
12,0.0,Sat Jun 09 19:00:09 +0000 2018,1.0,0.0,0.0,13,@nytimes,orange,Have questions about the Belmont Stakes and the Triple Crown? We have your answers. https://t.co/GPu2uPlTRV
13,0.0,Sat Jun 09 18:45:05 +0000 2018,1.0,0.0,0.0,14,@nytimes,orange,“I talk back to people when they say something about me now because I know even with my condition that I am beautif… https://t.co/TJmesUhGTL
14,0.0,Sat Jun 09 18:30:14 +0000 2018,1.0,0.0,0.0,15,@nytimes,orange,Science is taking a back seat in policymaking across the Trump administration. The North Korea nuclear talks offer… https://t.co/hauZtxGqq5
15,0.0,Sat Jun 09 18:15:08 +0000 2018,1.0,0.0,0.0,16,@nytimes,orange,"In his own unorthodox way, Trump has been preparing for this encounter with Kim Jong-Un his entire adult life https://t.co/VlXkCmqssL"
16,0.0,Sat Jun 09 18:00:05 +0000 2018,1.0,0.0,0.0,17,@nytimes,orange,"With his America First agenda, Trump has driven a wedge between the U.S. and its allies, ceding leadership and its… https://t.co/sfyYD4o3hM"
17,0.128,Sat Jun 09 17:50:07 +0000 2018,0.775,0.103,0.122,18,@nytimes,orange,"RT @TheSteinLine: All the tales — legacy, free agency, injury — from what might (or might not) have been LeBron James’ last night as a Clev…"
18,0.0,Sat Jun 09 17:40:03 +0000 2018,1.0,0.0,0.0,19,@nytimes,orange,California has dug in at the front lines of the resistance to President Trump. And then there is Orange County. https://t.co/BSVW14kSmd
19,0.0,Sat Jun 09 17:25:03 +0000 2018,1.0,0.0,0.0,20,@nytimes,orange,"What to watch, what to read and what to listen to by and about Anthony Bourdain https://t.co/TR5noBS7Ee"
20,-0.0772,Sat Jun 09 17:10:03 +0000 2018,0.711,0.151,0.138,21,@nytimes,orange,"Who’s right, Elon Musk or Mark Zuckerberg? Is supersmart artificial intelligence a potential threat to humans, or a… https://t.co/8zay2rbSEG"
21,0.4767,Sat Jun 09 17:00:23 +0000 2018,0.853,0.0,0.147,22,@nytimes,orange,"RT @stanfordc: I’m proud to say that there has never been a swimsuit portion of the news quiz 
https://t.co/e1Z8wlhYvy https://t.co/4YJ7UrG…"
22,0.0,Sat Jun 09 16:45:09 +0000 2018,1.0,0.0,0.0,23,@nytimes,orange,"30 billion gallons of Hawaiian lava, as seen from the ground and space https://t.co/vz9qQOCYS9"
23,0.2732,Sat Jun 09 16:30:07 +0000 2018,0.741,0.107,0.152,24,@nytimes,orange,She wanted to celebrate their marriage in lavish style. He had something less lofty in mind. A lovers’ battle ensue… https://t.co/RnvIaxRtRP
24,-0.5994,Sat Jun 09 16:15:02 +0000 2018,0.813,0.187,0.0,25,@nytimes,orange,"Anthony Bourdain's sudden death at Le Chambard, a hotel in the village of Kaysersberg in northeastern France, sent… https://t.co/V5gRoZKGQN"
25,0.743,Sat Jun 09 16:01:00 +0000 2018,0.704,0.0,0.296,26,@nytimes,orange,"@jimdwyernyt ""The supply of excellent schools cannot meet the demands of capable students, whatever their backgroun… https://t.co/KF39XvdUjJ"
26,0.3612,Sat Jun 09 15:58:00 +0000 2018,0.872,0.0,0.128,27,@nytimes,orange,"@jimdwyernyt The specialized schools are far from bastions of privilege, dominated by immigrants or the children of… https://t.co/DWOoiPghSz"
27,0.3612,Sat Jun 09 15:55:03 +0000 2018,0.884,0.0,0.116,28,@nytimes,orange,"In New York’s ragged history of race, class, privilege and equity, the city’s specialized high schools have long be… https://t.co/HL2yw2JmHz"
28,-0.7269,Sat Jun 09 15:41:58 +0000 2018,0.747,0.253,0.0,29,@nytimes,orange,Breaking News: President Trump threatened to end trade with G-7 nations that he said use unfair practices. “We’re l… https://t.co/uI5rOmZ76O
29,0.2023,Sat Jun 09 15:32:50 +0000 2018,0.847,0.0,0.153,30,@nytimes,orange,"Flaky mounds of quick bread, golden brown, with a significant crumb https://t.co/wbMRgvySpY"
30,0.6369,Sat Jun 09 15:16:31 +0000 2018,0.669,0.092,0.239,31,@nytimes,orange,Breaking News: Simona Halep of Romania beat Sloane Stephens to win the French Open. It was the first Grand Slam tit… https://t.co/3sFwWkJ353
31,0.7269,Sat Jun 09 15:05:06 +0000 2018,0.711,0.0,0.289,32,@nytimes,orange,Her $1 million gift left educators asking: How was one teacher able to save so much money?https://t.co/Vv8fhgbwWA
32,-0.875,Sat Jun 09 14:51:21 +0000 2018,0.679,0.321,0.0,33,@nytimes,orange,"If you or someone else you know is having thoughts of suicide, call the National Suicide Prevention Lifeline at 1-8… https://t.co/5kOUYV8c3u"
33,-0.6705,Sat Jun 09 14:50:03 +0000 2018,0.809,0.191,0.0,34,@nytimes,orange,New federal data shows that suicide rates have been increasing for years in almost every state and across demograph… https://t.co/g6znmjYQl5
34,-0.0258,Sat Jun 09 14:37:50 +0000 2018,0.723,0.14,0.136,35,@nytimes,orange,"After failing to repeal the Affordable Care Act, the Trump administration is seizing on a different strategy for di… https://t.co/Low8zwBsVL"
35,0.5106,Sat Jun 09 14:36:39 +0000 2018,0.845,0.0,0.155,36,@nytimes,orange,"Our experts weighed in on the contenders, including the Triple Crown hopeful Justify, for the 150th Belmont Stakes https://t.co/xi9TIoAxWb"
36,0.0,Sat Jun 09 14:20:07 +0000 2018,1.0,0.0,0.0,37,@nytimes,orange,"RT @NYTMetro: “This is the deportation machine in full effect, and everyone should wake up to how American citizens and their families are…"
37,0.6369,Sat Jun 09 14:02:25 +0000 2018,0.84,0.0,0.16,38,@nytimes,orange,"RT @caityweaver: The strangest and best recommendation I will ever make to you is: Listen to the same 4 podcast appearances by ""Sex and the…"
38,-0.296,Sat Jun 09 13:43:12 +0000 2018,0.864,0.136,0.0,39,@nytimes,orange,Pope Tells Oil Executives to Act on Climate: ‘There Is No Time to Lose’ https://t.co/jpXdOMmBOf
39,0.0,Sat Jun 09 13:38:05 +0000 2018,1.0,0.0,0.0,40,@nytimes,orange,Elizabeth Warren and a Scholarly Debate Over Medical Bankruptcy That Won’t Go Away https://t.co/mbz6wvuSUO
40,0.4574,Sat Jun 09 13:26:45 +0000 2018,0.501,0.0,0.499,41,@nytimes,orange,RT @NYTStyles: Parties! https://t.co/MdgG2e1xjI
41,0.7906,Sat Jun 09 13:06:58 +0000 2018,0.667,0.0,0.333,42,@nytimes,orange,"RT @nytimesbusiness: ""Wealth was about being able to create the change you wish to see in the world.” https://t.co/KoQCO5Iy1y"
42,0.0,Sat Jun 09 12:50:47 +0000 2018,1.0,0.0,0.0,43,@nytimes,orange,An exhibition in London examines the feelings people harbor about their teeth. Here's a look at some of the most cu… https://t.co/KRz76xwrXq
43,0.5859,Sat Jun 09 12:33:02 +0000 2018,0.787,0.0,0.213,44,@nytimes,orange,RT @NYTSports: Need a winner for the Belmont Stakes? @MHoppertNYT and @joedrape have you covered: https://t.co/44joWHhuTm
44,-0.296,Sat Jun 09 12:32:42 +0000 2018,0.784,0.216,0.0,45,@nytimes,orange,Why Cities Can’t Stop Poaching From One Another https://t.co/X1SeTjbqKs
45,-0.296,Sat Jun 09 12:17:32 +0000 2018,0.909,0.091,0.0,46,@nytimes,orange,RT @nytimesworld: Austrian officials have ordered seven mosques to close and may refuse dozens of imams the right to reside in the country…
46,0.0,Sat Jun 09 12:00:08 +0000 2018,1.0,0.0,0.0,47,@nytimes,orange,RT @nytrealestate: A quick guide to what you need to get your first apartment in New York City https://t.co/NQYV03Xkyn
47,-0.3182,Sat Jun 09 11:49:08 +0000 2018,0.723,0.277,0.0,48,@nytimes,orange,Men’s Fashion Week Loses Some Luster https://t.co/TCj0nbeFMj
48,-0.8074,Sat Jun 09 11:41:16 +0000 2018,0.644,0.356,0.0,49,@nytimes,orange,"Inside New York’s dollar van wars: strict regulations, low margins and a constant fight with rogue van drivers https://t.co/kiAEpdxkgV"
49,0.0,Sat Jun 09 11:23:34 +0000 2018,1.0,0.0,0.0,50,@nytimes,orange,"RT @NYTMetro: On the stoop that was his perch, a requiem for the mayor of West 83rd Street, in Manhattan. https://t.co/qRN1VlPo1t"
50,0.3612,Sat Jun 09 11:07:18 +0000 2018,0.783,0.0,0.217,51,@nytimes,orange,"Charlotte Fox, 61, Trailblazing Alpinist and Everest Survivor, Dies https://t.co/nM5gpQdLhB"
51,0.4404,Sat Jun 09 11:05:12 +0000 2018,0.707,0.0,0.293,52,@nytimes,orange,A Good Appetite: Chicken Milanese Has Its Moment https://t.co/Rhco2hq6mS
52,0.0,Sat Jun 09 11:03:06 +0000 2018,1.0,0.0,0.0,53,@nytimes,orange,The New York Times obituary for Anthony Bourdain https://t.co/D697EnEWQX
53,0.6369,Sat Jun 09 10:35:35 +0000 2018,0.833,0.0,0.167,54,@nytimes,orange,RT @NYTmag: 24 hours. 23 photographers. One city. One topic: Love. Watch the making of this issue https://t.co/s2uND5xgVs and see the full…
54,0.25,Sat Jun 09 10:18:25 +0000 2018,0.895,0.0,0.105,55,@nytimes,orange,The recent volcanic eruptions in Hawaii and Guatemala are a reminder that not all volcanoes are created equal https://t.co/M7sNdtwIzJ
55,0.5267,Sat Jun 09 10:00:17 +0000 2018,0.855,0.0,0.145,56,@nytimes,orange,"For the 3rd time in 4 seasons, and for the 2nd year in a row, the Golden State Warriors are NBA champions https://t.co/r7NgjH0nbf"
56,-0.1531,Sat Jun 09 09:41:41 +0000 2018,0.762,0.129,0.109,57,@nytimes,orange,"RT @nytimestech: The Chinese electronics maker ZTE has survived its brush with death. Now, it has to figure out how to stay in business. He…"
57,0.6124,Sat Jun 09 09:24:47 +0000 2018,0.722,0.0,0.278,58,@nytimes,orange,"RT @nytrealestate: You may like the contractor, but does the contractor like you back? https://t.co/kPShW4JONu"
58,0.5994,Sat Jun 09 09:07:20 +0000 2018,0.792,0.049,0.158,59,@nytimes,orange,"RT @NYTmag: On a rainy Saturday morning on May 19, @philip_nyc captured love in the middle of Times Square. See more from our #NYTLoveCity…"
59,-0.4215,Sat Jun 09 08:50:10 +0000 2018,0.714,0.286,0.0,60,@nytimes,orange,How I Used Art to Get Through Trauma https://t.co/7N5fzAxLoe
60,0.0,Sat Jun 09 08:42:33 +0000 2018,1.0,0.0,0.0,61,@nytimes,orange,"The NYT review of ""Ocean's 8"" https://t.co/flFaRzpyzr"
61,0.5106,Sat Jun 09 08:26:14 +0000 2018,0.752,0.0,0.248,62,@nytimes,orange,She’s photographed Broadway for years. Now Broadway is honoring her. https://t.co/eI7sfheNWI
62,-0.7579,Sat Jun 09 08:09:03 +0000 2018,0.622,0.303,0.075,63,@nytimes,orange,The killing in Germany comes on top of a deepening scandal and calls for a full-blown parliamentary investigation o… https://t.co/0p5qfKyP2V
63,-0.6249,Sat Jun 09 07:42:08 +0000 2018,0.83,0.17,0.0,64,@nytimes,orange,"RT @nytimesworld: More than 140 miles away and three decades after the Chernobyl disaster, some cows still make radioactive milk https://t.…"
64,0.8097,Sat Jun 09 07:25:53 +0000 2018,0.706,0.0,0.294,65,@nytimes,orange,RT @nytopinion: This weekend we are sharing some pieces on music. Think of it as a little inspiration to appreciate the soundtrack of your…
65,0.0,Sat Jun 09 07:09:23 +0000 2018,1.0,0.0,0.0,66,@nytimes,orange,"RT @nytimesbusiness: HBO is making a pilot for one of the five ""Game of Thrones"" prequels it has in development https://t.co/EMeqQvEdHQ"
66,-0.25,Sat Jun 09 06:52:51 +0000 2018,0.595,0.232,0.173,67,@nytimes,orange,"Taliban Announce Brief Cease-Fire, Offering Afghans Hope for Lull in War https://t.co/IlMkkFHSCM"
67,0.7184,Sat Jun 09 06:41:20 +0000 2018,0.662,0.077,0.261,68,@nytimes,orange,"RT @NYTMetro: Underneath the umbrella: a fascinating photo portfolio of the lifeguards of Jones Beach, in all their stoic, bored, heroic gl…"
68,0.0,Sat Jun 09 06:24:54 +0000 2018,1.0,0.0,0.0,69,@nytimes,orange,"China’s ZTE— a little-known electronics maker— became an unlikely political football, then an even unlikelier objec… https://t.co/APxvWFepXB"
69,0.357,Sat Jun 09 06:06:12 +0000 2018,0.879,0.0,0.121,70,@nytimes,orange,"Andrew Rannells: ""I didn't feel jealous; I felt driven. I wanted to be one of those people on the Tonys."" https://t.co/i3LX0WgQBb"
70,0.5859,Sat Jun 09 05:50:04 +0000 2018,0.743,0.0,0.257,71,@nytimes,orange,Here's who we think will win the Tonys (and who should) https://t.co/ZlqqPQRtvt
71,0.2732,Sat Jun 09 05:35:00 +0000 2018,0.584,0.168,0.248,72,@nytimes,orange,Justice Dept. Requests Delay if DACA Injunction Is Issued https://t.co/HB7h98gENy
72,0.0,Sat Jun 09 05:32:30 +0000 2018,1.0,0.0,0.0,73,@nytimes,orange,"RT @nytpolitics: The president said that Melania Trump “wanted to go” with him to the Group of 7 summit meeting in Quebec, but was staying…"
73,-0.2023,Sat Jun 09 05:00:08 +0000 2018,0.708,0.163,0.129,74,@nytimes,orange,"50 years after his death, friends, aides and journalists recall Robert F. Kennedy's last campaign in California, hi… https://t.co/bAveWEnYW5"
74,-0.34,Sat Jun 09 04:45:03 +0000 2018,0.893,0.107,0.0,75,@nytimes,orange,"In Canada, many observers were calling it the ""G-6 plus 1"" — with President Trump being cast as the irrational, ira… https://t.co/AUbzhnVmGY"
75,-0.0387,Sat Jun 09 04:30:05 +0000 2018,0.948,0.052,0.0,76,@nytimes,orange,"RT @kenvogel: MANAFORT paid KONSTANTIN KILIMNIK $531k in 2013 &amp; 2014, according to lobbying records, but that covers only a fraction of the…"
76,-0.5574,Sat Jun 09 04:15:04 +0000 2018,0.53,0.322,0.148,77,@nytimes,orange,What should you do when a loved one is severely depressed? Don’t underestimate the power of showing up. https://t.co/yqRyXmSWiM
77,0.1027,Sat Jun 09 04:06:01 +0000 2018,0.741,0.12,0.139,78,@nytimes,orange,"""This should be a grave concern to anyone who cares about an informed citizenry,"" said Eileen Murphy, a spokeswoman… https://t.co/iwMg5Ng7tl"
78,0.2263,Sat Jun 09 04:01:40 +0000 2018,0.905,0.0,0.095,79,@nytimes,orange,RT @NYTSports: Kevin Durant has been named the MVP of the NBA finals for the second straight year. https://t.co/xSARJQ5MlN
79,0.0,Sat Jun 09 03:54:22 +0000 2018,1.0,0.0,0.0,80,@nytimes,orange,The U.S. just beat out China to develop the world’s fastest supercomputer. You’d need 6.3 billion years to match wh… https://t.co/DMGoDUacwv
80,-0.1027,Sat Jun 09 03:40:03 +0000 2018,0.935,0.065,0.0,81,@nytimes,orange,"RT @SopanDeb: **NEW**: In a lengthy (and remarkable) interview with Kyrie Irving, he repeatedly questioned whether the Earth is flat or rou…"
81,0.5719,Sat Jun 09 03:29:11 +0000 2018,0.837,0.0,0.163,82,@nytimes,orange,"Breaking News: The Golden State Warriors have won their third N.B.A. title in four years, sweeping LeBron James and… https://t.co/jbvTIZsZrD"
82,0.3182,Sat Jun 09 03:26:27 +0000 2018,0.648,0.13,0.223,83,@nytimes,orange,"At a moment of tumult over trade and nuclear security, President Trump is making friends with America’s enemies and… https://t.co/JtgvrhRvJ6"
83,0.7906,Sat Jun 09 02:55:05 +0000 2018,0.682,0.045,0.273,84,@nytimes,orange,"Discover an ""irony free zone where everything is beautiful and nothing hurts.""

What to watch, what to read and wha… https://t.co/gMtAyyRjDD"
84,0.0,Sat Jun 09 02:36:05 +0000 2018,1.0,0.0,0.0,85,@nytimes,orange,President Trump suggested the Group of 7 nations reinstate Russia 4 years after it was cast out for annexing Crimea https://t.co/ZQQDfGp5GN
85,0.0,Sat Jun 09 02:24:01 +0000 2018,1.0,0.0,0.0,86,@nytimes,orange,"RT @nytopinion: Anthony Bourdain exhorted us to open our eyes -- and our guts -- to the wondrous smorgasbord of life, and to savor every la…"
86,0.296,Sat Jun 09 02:08:01 +0000 2018,0.826,0.061,0.113,87,@nytimes,orange,"Modern Love: ""I had found a strange liberation in submitting to Dan, but it was only a first step. I wanted the dom… https://t.co/WHIRIHGpqQ"
87,0.0,Sat Jun 09 01:56:23 +0000 2018,1.0,0.0,0.0,88,@nytimes,orange,"During this season’s playoffs, LeBron James has accounted for nearly a third of the box-score statistics for the Ca… https://t.co/bugUyF7TK4"
88,0.0,Sat Jun 09 01:53:49 +0000 2018,0.804,0.098,0.098,89,@nytimes,orange,No one in the NBA has come close to LeBron James's share of a team’s production for over 40 years https://t.co/YqE8zZiiWg
89,0.0772,Sat Jun 09 01:49:04 +0000 2018,0.929,0.0,0.071,90,@nytimes,orange,Kyrie Irving Doesn’t Know if the Earth Is Round or Flat. He Does Want to Discuss It. https://t.co/1ET48Grban
90,0.0,Sat Jun 09 01:34:11 +0000 2018,1.0,0.0,0.0,91,@nytimes,orange,"LIVE: The Golden State Warriors vs. the Cleveland Cavaliers 

Game 4 updates and analysis https://t.co/3DmQOo5lNw"
91,0.0,Sat Jun 09 01:23:06 +0000 2018,1.0,0.0,0.0,92,@nytimes,orange,"Opinion: If There’s a Red Wave Election in 2018, This Will Be Why https://t.co/B0Nmgi1kdN"
92,0.0,Sat Jun 09 01:04:27 +0000 2018,1.0,0.0,0.0,93,@nytimes,orange,Opinion: Anthony Bourdain Was the Kind of ‘Bad Boy’ We Need More Of https://t.co/S8JhWFX9Jw
93,-0.2732,Sat Jun 09 00:50:49 +0000 2018,0.826,0.174,0.0,94,@nytimes,orange,Trump’s New Plan to Dismantle Obamacare Comes With Political Risks https://t.co/Ju2Fw08xUY
94,-0.3818,Sat Jun 09 00:36:17 +0000 2018,0.776,0.224,0.0,95,@nytimes,orange,Press Groups Criticize the Seizing of a Times Reporter’s Records https://t.co/Sqp3BXEBVB
95,-0.128,Sat Jun 09 00:25:28 +0000 2018,0.933,0.067,0.0,96,@nytimes,orange,"RT @nytfood: ""Anthony Bourdain entered the literary stage with an inside tip, delivered in the gruff whisper of a racetrack tout: Don’t ord…"
96,0.0,Sat Jun 09 00:05:29 +0000 2018,1.0,0.0,0.0,97,@nytimes,orange,"2 years ago, we asked Anthony Bourdain to answer a series of questions. He sketched his answers. https://t.co/zP0AIJ1Ce9"
97,0.0,Fri Jun 08 23:49:01 +0000 2018,1.0,0.0,0.0,98,@nytimes,orange,"About New York: Decades Ago, New York Dug a Moat Around Its Specialized Schools https://t.co/8jOa3pfI75"
98,-0.6124,Fri Jun 08 23:48:34 +0000 2018,0.625,0.261,0.114,99,@nytimes,orange,"Anthony Bourdain’s death prompted an outpouring of grief and tributes from friends and fans. ""He taught us about fo… https://t.co/JFW4Jh3jO2"
99,0.1027,Fri Jun 08 23:32:28 +0000 2018,0.58,0.196,0.225,100,@nytimes,orange,"Before the Smiles, Mounting Tensions Between Trudeau and Trump https://t.co/9XH9FvtZn0"
0,0.0,Sat Jun 09 21:41:00 +0000 2018,1.0,0.0,0.0,1,@foxnews,green,OPINION: There's just one way to marry the right person (and anyone can do it) https://t.co/yqcYBoKZ8w
1,0.0,Sat Jun 09 21:39:41 +0000 2018,1.0,0.0,0.0,2,@foxnews,green,".@Mark_Penn on the Mueller probe: ""I think our Constitution is being stepped on."" https://t.co/WU779vQZHl"
2,0.128,Sat Jun 09 21:35:06 +0000 2018,0.909,0.0,0.091,3,@foxnews,green,"Belmont Stakes' Triple Crown contender, start time, odds and everything else about the horse race https://t.co/6SDuqSRpPJ"
3,-0.6115,Sat Jun 09 21:32:10 +0000 2018,0.778,0.222,0.0,4,@foxnews,green,".@POTUS: ""The U.S. press is very dishonest, much of it, not all of it."" https://t.co/wRY77Xrqxz"
4,0.0,Sat Jun 09 21:28:31 +0000 2018,1.0,0.0,0.0,5,@foxnews,green,U.S. Markets - So far this year. https://t.co/dXBWkXeAc2
5,-0.7088,Sat Jun 09 21:17:59 +0000 2018,0.731,0.269,0.0,6,@foxnews,green,.@SteveHiltonx: Trump’s criticism of G-7 is ‘unprecedented’ scream the elite -- That’s the whole point of Trump! https://t.co/ZwoJG4yXGb
6,0.0,Sat Jun 09 21:11:20 +0000 2018,1.0,0.0,0.0,7,@foxnews,green,President @realDonaldTrump is on his way to Singapore for a historic meeting with North Korean leader Kim Jong Un.… https://t.co/f5vz9YYXXE
7,-0.4767,Sat Jun 09 21:03:40 +0000 2018,0.744,0.256,0.0,8,@foxnews,green,"Florida woman's body found after gator attack, officials say https://t.co/5zyQqG9a32"
8,0.0772,Sat Jun 09 20:58:00 +0000 2018,0.933,0.0,0.067,9,@foxnews,green,".@kayleighmcenany: ""Where are the feminists, also, I want to ask - where are the Elizabeth Warrens, where are the H… https://t.co/6cSwtVG0OG"
9,0.3818,Sat Jun 09 20:53:00 +0000 2018,0.729,0.0,0.271,10,@foxnews,green,"President @realDonaldTrump promises ""America First"" throughout 2016. https://t.co/loUFH6m9i3"
10,0.0,Sat Jun 09 20:49:26 +0000 2018,1.0,0.0,0.0,11,@foxnews,green,German Chancellor Angela Merkel speaks with President @realDonaldTrump during proceedings on the sidelines of the o… https://t.co/3ObHBAyhun
11,0.4939,Sat Jun 09 20:47:39 +0000 2018,0.775,0.0,0.225,12,@foxnews,green,"Moments ago, President @realDonaldTrump praised the prime minister of Italy, @GiuseppeConteIT. https://t.co/xR842BvOcu"
12,0.0,Sat Jun 09 20:43:46 +0000 2018,1.0,0.0,0.0,13,@foxnews,green,".@conservmillen on G7 summit: ""Our GDP is bigger than all of theirs combined and they do need us more than we need… https://t.co/6zOc7YyliG"
13,0.891,Sat Jun 09 20:42:54 +0000 2018,0.602,0.0,0.398,14,@foxnews,green,".@kayleighmcenany: ""@FLOTUS has the trust and the love of the American people - she has a 57% approval rating. Mean… https://t.co/hoWeWMNEQX"
14,0.3612,Sat Jun 09 20:35:30 +0000 2018,0.839,0.0,0.161,15,@foxnews,green,Trump says US is like a 'piggy bank that everybody is robbing' on trade https://t.co/PK8qw7lxvW
15,0.0,Sat Jun 09 20:34:17 +0000 2018,1.0,0.0,0.0,16,@foxnews,green,RT @EricShawnTV: I anchor @FoxNews starting at 5 pm EDT with @ArthelNeville: What @POTUS @realDonaldTrump should say to Kim Jong-un. @MIT's…
16,-0.6486,Sat Jun 09 20:12:00 +0000 2018,0.65,0.35,0.0,17,@foxnews,green,Eunice Gayson first-ever Bond Girl dead at 90 https://t.co/BzfcRHNxu8
17,0.0,Sat Jun 09 20:07:00 +0000 2018,1.0,0.0,0.0,18,@foxnews,green,"At his press briefing today, President @realDonaldTrump slammed his presidential predecessor for ""allow[ing] Russia… https://t.co/BpMwYh65k5"
18,0.0,Sat Jun 09 20:01:00 +0000 2018,1.0,0.0,0.0,19,@foxnews,green,OPINION: Newest Mars discovery tells us something miraculous about Earth https://t.co/mcATE1PRIl
19,-0.2584,Sat Jun 09 19:55:00 +0000 2018,0.887,0.113,0.0,20,@foxnews,green,.@realDonaldTrump doubles down on calls to include Russia in G-7: 'We're not looking to play games' https://t.co/nob4MbUZWM
20,0.0,Sat Jun 09 19:49:00 +0000 2018,0.562,0.247,0.191,21,@foxnews,green,.@seanhannity Praises Trump's Tough NoKo Action After 'Weak and Feckless' Obama Leadership   https://t.co/Q2Uj18acfS
21,-0.4939,Sat Jun 09 19:42:46 +0000 2018,0.814,0.186,0.0,22,@foxnews,green,Veteran claims his stolen Facebook photos were used to catfish 30 women during deployment https://t.co/YAuENcd5SL
22,0.6249,Sat Jun 09 19:37:46 +0000 2018,0.688,0.073,0.239,23,@foxnews,green,".@marykissel: ""A success in Singapore would be to get the [Kim] regime to commit to complete, irreversible and veri… https://t.co/R3KDjQXhmU"
23,-0.1531,Sat Jun 09 19:29:00 +0000 2018,0.897,0.103,0.0,24,@foxnews,green,SUNDAY: Don’t miss @FoxNewsSunday from Singapore ahead of President @realDonaldTrump’s historic meeting with North… https://t.co/tyhBYdJ4jm
24,0.3182,Sat Jun 09 19:21:16 +0000 2018,0.905,0.0,0.095,25,@foxnews,green,"David Rivkin on @POTUS' power to self pardon: ""To say the president is above the law begs the question of what the… https://t.co/mgJPUNXWcz"
25,0.1655,Sat Jun 09 19:16:27 +0000 2018,0.93,0.0,0.07,26,@foxnews,green,".@POTUS: ""I do have an absolute right to pardon myself, but I'll never have to do it because I didn't do anything w… https://t.co/bOUqiZ0R50"
26,0.3612,Sat Jun 09 19:10:00 +0000 2018,0.737,0.0,0.263,27,@foxnews,green,Holocaust survivor who consoled Anne Frank dies https://t.co/mw0VdtPNgI
27,-0.6249,Sat Jun 09 19:02:20 +0000 2018,0.745,0.255,0.0,28,@foxnews,green,".@SeanHannity: ""President @BarackObama left Trump with unfettered international disaster after disaster."" #Hannity https://t.co/0lJuEwysLF"
28,-0.4215,Sat Jun 09 18:56:32 +0000 2018,0.495,0.322,0.183,29,@foxnews,green,Republicans may have won the optics war on Congress' summer recess fight https://t.co/b1wIL2Onb0
29,-0.4767,Sat Jun 09 18:46:34 +0000 2018,0.838,0.162,0.0,30,@foxnews,green,"President @realDonaldTrump: ""Who are you with out of curiosity?""

Reporter: ""CNN.""

@POTUS: ""I figured - Fake News… https://t.co/yXZpAqd07M"
30,-0.1531,Sat Jun 09 18:39:20 +0000 2018,0.897,0.103,0.0,31,@foxnews,green,"'Jersey Shore' star Mike 'The Situation' Sorrentino will face tax evasion sentencing this fall
https://t.co/Hnfrd4ZLLb"
31,-0.296,Sat Jun 09 18:36:00 +0000 2018,0.896,0.104,0.0,32,@foxnews,green,"At his press briefing, President @realDonaldTrump said that the U.S. would no longer be a piggy bank robbed by othe… https://t.co/WAwm8Fld4P"
32,0.3612,Sat Jun 09 18:34:04 +0000 2018,0.848,0.0,0.152,33,@foxnews,green,Trump says US is like a 'piggy bank that everybody is robbing' on trade https://t.co/iAdue9Nmav https://t.co/ew7uxi8JFW
33,-0.7906,Sat Jun 09 18:27:42 +0000 2018,0.562,0.438,0.0,34,@foxnews,green,Texas border patrol agents find 6 illegal immigrants trapped inside cabinets https://t.co/r5ANi7t94m
34,0.0,Sat Jun 09 18:20:08 +0000 2018,1.0,0.0,0.0,35,@foxnews,green,SUNDAY: @BretBaier is live in Singapore ahead of President @realDonaldTrump’s historic summit with North Korean lea… https://t.co/Z9gEu1Zqo2
35,0.1027,Sat Jun 09 18:19:00 +0000 2018,0.789,0.096,0.114,36,@foxnews,green,".@RepMcSally: ""@POTUS has made it clear that we will not tolerate them having a nuclear weapon that can hold a U.S.… https://t.co/Z9kwm68cBa"
36,-0.5302,Sat Jun 09 18:16:48 +0000 2018,0.819,0.181,0.0,37,@foxnews,green,".@GrecianFormula on NK summit: ""My fear here is, I do not want [@POTUS] to give Kim Jong Un that handshake that wil… https://t.co/2BcF4gR3s9"
37,0.5859,Sat Jun 09 18:14:09 +0000 2018,0.648,0.0,0.352,38,@foxnews,green,.@MittRomney predicts a @realDonaldTrump win in 2020. https://t.co/FtXsikIvlB https://t.co/W2EHQ9eAw5
38,-0.6249,Sat Jun 09 18:03:13 +0000 2018,0.638,0.362,0.0,39,@foxnews,green,"Florida Revokes Hundreds of Gun Permits After Background Check Error
https://t.co/4RteHthrjk"
39,0.4939,Sat Jun 09 17:58:00 +0000 2018,0.814,0.0,0.186,40,@foxnews,green,"On @foxandfriends, @RCamposDuffy praised @FLOTUS Melania Trump in the wake of constant media scrutiny.… https://t.co/t4wxgWO0Qz"
40,0.3612,Sat Jun 09 17:55:11 +0000 2018,0.884,0.0,0.116,41,@foxnews,green,".@kimguilfoyle on NK summit: ""With somebody like @POTUS who thinks out of the box...everything is on the table [unt… https://t.co/uFk6mAOEmC"
41,0.4767,Sat Jun 09 17:46:52 +0000 2018,0.819,0.0,0.181,42,@foxnews,green,"Mike Kerrigan: I thought I had enough friends, then a stranger did this on my flight home https://t.co/xZNBnn26ZS"
42,0.0,Sat Jun 09 17:36:01 +0000 2018,1.0,0.0,0.0,43,@foxnews,green,.@replouiegohmert Slams Russia Probe Spending: Mueller Has 'Absolutely Blown Taxpayer Dollars' https://t.co/Xe5BeKp6Cd
43,0.4404,Sat Jun 09 17:30:45 +0000 2018,0.667,0.118,0.215,44,@foxnews,green,Love and leaks: Wolfe-Watkins latest couple to draw scrutiny for loose lips and tips https://t.co/E3h48prv3z
44,0.0,Sat Jun 09 17:26:00 +0000 2018,1.0,0.0,0.0,45,@foxnews,green,Fox News Poll: Will North Korea give up nukes? https://t.co/3x4UVwUihL
45,-0.4404,Sat Jun 09 17:25:26 +0000 2018,0.58,0.42,0.0,46,@foxnews,green,Border arrests spike. https://t.co/bxJVEDbIZi https://t.co/cGj9ea65Ui
46,0.0,Sat Jun 09 17:21:21 +0000 2018,1.0,0.0,0.0,47,@foxnews,green,".@TheRealJohnHCox: ""@GavinNewsom is Exhibit A in craven politicians."" https://t.co/b6mIxZLEPQ"
47,0.0,Sat Jun 09 17:15:07 +0000 2018,1.0,0.0,0.0,48,@foxnews,green,Fox News Poll: Should @POTUS meet with North Korean leader Kim Jong Un? https://t.co/9QBv5OO5bg
48,0.0,Sat Jun 09 17:06:05 +0000 2018,1.0,0.0,0.0,49,@foxnews,green,".@RCamposDuffy: ""Republicans and especially Republican women and Republican or conservative minorities have always… https://t.co/TcO81nMnJ7"
49,-0.4588,Sat Jun 09 17:04:03 +0000 2018,0.8,0.2,0.0,50,@foxnews,green,Home Depot employee in Florida allegedly attacked by shopper's pet spider monkey https://t.co/gvqJD9UaOB
50,0.1779,Sat Jun 09 17:01:29 +0000 2018,0.677,0.135,0.188,51,@foxnews,green,"ABC apologizes for controversial ‘Quantico’ episode, defends star Priyanka Chopra https://t.co/4sh2B6JvhK"
51,-0.5413,Sat Jun 09 16:55:48 +0000 2018,0.837,0.163,0.0,52,@foxnews,green,".@replouiegohmert: ""Robert Mueller has done more damage during his 12 years as FBI Director than... probably all th… https://t.co/eZePn5ltKz"
52,0.0,Sat Jun 09 16:55:00 +0000 2018,1.0,0.0,0.0,53,@foxnews,green,".@RealDeanCain: ""I stand for the anthem. I would never kneel for the anthem."" https://t.co/XIXO0UeJmR"
53,0.3612,Sat Jun 09 16:49:31 +0000 2018,0.667,0.0,0.333,54,@foxnews,green,Do you agree with @SenSanders? https://t.co/jixhab3nlt
54,-0.1531,Sat Jun 09 16:39:04 +0000 2018,0.918,0.082,0.0,55,@foxnews,green,"MONDAY: Don’t miss three hours of ‘America’s Newsroom’ with @BillHemmer and @SandraSmithFox, starting at 9a ET on F… https://t.co/A0OfAH4QPo"
55,-0.8555,Sat Jun 09 16:34:08 +0000 2018,0.46,0.54,0.0,56,@foxnews,green,"1,000 illegal immigrants bused to California federal prison for detention https://t.co/B3t12CUk1m"
56,-0.4019,Sat Jun 09 16:30:20 +0000 2018,0.816,0.184,0.0,57,@foxnews,green,"'Bring on the Recession': @billmaher 'Hoping' for Economic Crash to Oust Trump
https://t.co/fj8Q3obYkM"
57,0.0,Sat Jun 09 16:21:00 +0000 2018,1.0,0.0,0.0,58,@foxnews,green,Fox News Poll: 52% approve of President @realDonaldTrump's handling of the economy. https://t.co/qZrQ8Q503M https://t.co/mYX34Kjnhb
58,-0.5106,Sat Jun 09 16:16:30 +0000 2018,0.769,0.231,0.0,59,@foxnews,green,"TSA searches 96-year-old woman in wheelchair in viral video, sparking outrage https://t.co/DP91w0qI1n"
59,0.4767,Sat Jun 09 16:05:09 +0000 2018,0.823,0.0,0.177,60,@foxnews,green,".@Lavarbigballer: ""If [@POTUS] invited me to his house, I would be like, 'Nah, man.' I'm not even going to invite h… https://t.co/BM4it6Nf6i"
60,0.0,Sat Jun 09 16:02:00 +0000 2018,1.0,0.0,0.0,61,@foxnews,green,.@billclinton defends @alfranken. https://t.co/L3DVQREUWO
61,-0.6705,Sat Jun 09 15:57:51 +0000 2018,0.757,0.243,0.0,62,@foxnews,green,Virginia wildlife center takes in 2 black bear cubs after mother is killed by homeowner https://t.co/HxTW1LfisF
62,0.0,Sat Jun 09 15:56:56 +0000 2018,1.0,0.0,0.0,63,@foxnews,green,"Reporter: ""Do you think Crimea should be recognized as Russia at this point?""

.@POTUS: ""You'd have to ask Presiden… https://t.co/F8G13HW2im"
63,0.0,Sat Jun 09 15:54:17 +0000 2018,1.0,0.0,0.0,64,@foxnews,green,Happening Now: @POTUS heads to Singapore for historic summit with North Korean leader Kim Jong Un. https://t.co/9pkRpmQhvs
64,0.0,Sat Jun 09 15:53:08 +0000 2018,1.0,0.0,0.0,65,@foxnews,green,.@realDonaldTrump and Kim Jong Un impersonators arrive in Singapore. https://t.co/cQbfqorKAn
65,0.0,Sat Jun 09 15:48:40 +0000 2018,1.0,0.0,0.0,66,@foxnews,green,SOON: @POTUS leaves Canada en route to North Korea summit in Singapore. https://t.co/2SKhjAnI5Q
66,0.0,Sat Jun 09 15:22:55 +0000 2018,1.0,0.0,0.0,67,@foxnews,green,U.S. Markets - So far this year. https://t.co/mdnZRFcvfH
67,0.0,Sat Jun 09 15:15:56 +0000 2018,1.0,0.0,0.0,68,@foxnews,green,"President @realDonaldTrump to CNN reporter: ""I would say that the level of relationship is a 10... You can tell tha… https://t.co/5CwLITcrnU"
68,0.3612,Sat Jun 09 15:15:00 +0000 2018,0.884,0.0,0.116,69,@foxnews,green,".@POTUS: ""Tariffs are going to come way down... We're like the piggy bank that everybody's robbing - and that ends."" https://t.co/1K8iuxEXhn"
69,0.0,Sat Jun 09 15:13:01 +0000 2018,1.0,0.0,0.0,70,@foxnews,green,"Britain's Queen Elizabeth, Prince Charles, Meghan Duchess of Sussex, Prince Harry, Kate Duchess of Cambridge and Pr… https://t.co/0mhnqpiGZU"
70,-0.2023,Sat Jun 09 15:12:39 +0000 2018,0.727,0.173,0.1,71,@foxnews,green,"State-level Dems funneled $84M to @HillaryClinton's campaign, lawsuit alleges https://t.co/2Xk78xsQmh"
71,0.0,Sat Jun 09 15:09:24 +0000 2018,1.0,0.0,0.0,72,@foxnews,green,".@POTUS: ""Obama can say all he wants but he allowed Russia to take Crimea. I may have had a much different attitude… https://t.co/bPQobyLCe2"
72,0.0,Sat Jun 09 14:59:00 +0000 2018,1.0,0.0,0.0,73,@foxnews,green,"Reporter: ""Do you think Crimea should be recognized as Russia at this point?""

.@POTUS: ""You'd have to ask Presiden… https://t.co/9xKcvpB7aN"
73,-0.6115,Sat Jun 09 14:49:00 +0000 2018,0.778,0.222,0.0,74,@foxnews,green,".@POTUS: ""The U.S. press is very dishonest, much of it, not all of it."" https://t.co/PcH5oRFB7t"
74,-0.5994,Sat Jun 09 14:45:00 +0000 2018,0.782,0.218,0.0,75,@foxnews,green,".@SecretaryZinke: ""We could end the war. It's absolutely astonishing what @POTUS has done."" #Cavuto https://t.co/AFT3qMvIv2"
75,-0.4767,Sat Jun 09 14:39:23 +0000 2018,0.838,0.162,0.0,76,@foxnews,green,"President @realDonaldTrump: ""Who are you with out of curiosity?""

Reporter: ""@CNN.""

@POTUS: ""I figured - Fake News… https://t.co/vukANIrfKZ"
76,0.5859,Sat Jun 09 14:37:00 +0000 2018,0.798,0.0,0.202,77,@foxnews,green,"""The United States has been taken advantage of for decades and decades and we can't do that anymore.""

WATCH: Presi… https://t.co/s9kfwDEDut"
77,0.0,Sat Jun 09 14:32:20 +0000 2018,1.0,0.0,0.0,78,@foxnews,green,".@POTUS: ""I would say that the level of relationship is a 10."" https://t.co/nmFjMumzHb"
78,0.0,Sat Jun 09 14:29:58 +0000 2018,1.0,0.0,0.0,79,@foxnews,green,".@POTUS: ""Obama can say all he wants but he allowed Russia to take Crimea. I may have had a much different attitude… https://t.co/766koswatX"
79,0.0,Sat Jun 09 14:29:13 +0000 2018,1.0,0.0,0.0,80,@foxnews,green,"Reporter: ""Do you think Crimea should be recognized as Russia at this point?""

.@POTUS: ""You'd have to ask Presiden… https://t.co/E8bATkXuhJ"
80,0.3612,Sat Jun 09 14:24:45 +0000 2018,0.894,0.0,0.106,81,@foxnews,green,".@POTUS: ""I have not spoken to Vladimir Putin for quite a while... I think it would be an asset to have Russia back… https://t.co/XdWxOmv8VG"
81,0.3612,Sat Jun 09 14:23:31 +0000 2018,0.884,0.0,0.116,82,@foxnews,green,".@POTUS: ""Tariffs are going to come way down... We're like the piggy bank that everybody's robbing - and that ends."" https://t.co/Omn9n08nQS"
82,-0.6808,Sat Jun 09 14:21:45 +0000 2018,0.645,0.355,0.0,83,@foxnews,green,".@POTUS: ""That's the way it should be - no tariffs, no barriers... and no subsidies."" https://t.co/OKEcN9rgOd"
83,0.0,Sat Jun 09 14:20:19 +0000 2018,1.0,0.0,0.0,84,@foxnews,green,".@POTUS on Kim Jong Un talks: ""It's a one-time shot and I think it's going to work out very well."" https://t.co/RGB4ilSY9I"
84,0.0,Sat Jun 09 14:19:30 +0000 2018,1.0,0.0,0.0,85,@foxnews,green,".@POTUS: ""We really think that North Korea that will be a tremendous place in a very short period of time... They'r… https://t.co/8fX841h1EW"
85,-0.5574,Sat Jun 09 14:17:11 +0000 2018,0.739,0.261,0.0,86,@foxnews,green,".@POTUS: ""I blame our past leaders. There was no reason that this should've happened."" https://t.co/wy427FsU9f"
86,0.9149,Sat Jun 09 14:16:44 +0000 2018,0.484,0.0,0.516,87,@foxnews,green,".@POTUS: ""We're linked in the great effort to create a more just, peaceful, and prosperous world."" https://t.co/eaieDEyrKV"
87,0.5574,Sat Jun 09 14:15:51 +0000 2018,0.741,0.0,0.259,88,@foxnews,green,".@POTUS: ""We are committed to addressing the migration challenge by helping migrants to remain and prosper in their… https://t.co/dTZvjLNdlt"
88,0.0,Sat Jun 09 14:14:52 +0000 2018,1.0,0.0,0.0,89,@foxnews,green,".@POTUS: ""People can't charge us 270% and we charge them nothing. That doesn't work anymore."" https://t.co/a2hPAJY4wH"
89,0.5859,Sat Jun 09 14:14:28 +0000 2018,0.789,0.0,0.211,90,@foxnews,green,".@POTUS: ""The United States has been taken advantage of for decades and decades and we can't do that anymore."" https://t.co/Jf1SDPPUyN"
90,0.6566,Sat Jun 09 14:13:34 +0000 2018,0.616,0.0,0.384,91,@foxnews,green,".@POTUS: ""We've concluded a really, tremendously successful #G7."" https://t.co/201LDzbu6V"
91,0.0,Sat Jun 09 14:12:42 +0000 2018,1.0,0.0,0.0,92,@foxnews,green,"President @realDonaldTrump speaks at a press briefing after closing out the G7 Summit in Charlevoix, Canada. https://t.co/A1XBAkrOTE"
92,0.0,Sat Jun 09 14:10:30 +0000 2018,1.0,0.0,0.0,93,@foxnews,green,"Anthony Bourdain, CNN host and celebrity chef, hanged himself with bathrobe belt https://t.co/h7BxZo9JA8"
93,0.0,Sat Jun 09 14:00:04 +0000 2018,1.0,0.0,0.0,94,@foxnews,green,"SOON: @POTUS to speak from #G7 - for full live coverage, tune in to Fox News Channel! https://t.co/bCgxdT90OX"
94,-0.7579,Sat Jun 09 13:56:15 +0000 2018,0.629,0.371,0.0,95,@foxnews,green,"Son of Farrah Fawcett, Ryan O'Neal charged with attempted murder, authorities say https://t.co/4XZWmjULRN"
95,0.3818,Sat Jun 09 13:48:53 +0000 2018,0.729,0.0,0.271,96,@foxnews,green,"President @realDonaldTrump promises ""America First"" throughout 2016. https://t.co/04HWLGuj1Q"
96,-0.4019,Sat Jun 09 13:43:02 +0000 2018,0.828,0.172,0.0,97,@foxnews,green,'Bring on the Recession': Bill Maher 'Hoping' for Economic Crash to Oust Trump https://t.co/pD7LBKR5uG
97,0.0,Sat Jun 09 13:35:06 +0000 2018,1.0,0.0,0.0,98,@foxnews,green,'Game of Thrones' prequel pilot reportedly ordered by HBO https://t.co/Pnswzb5c6L
98,0.0,Sat Jun 09 13:25:04 +0000 2018,1.0,0.0,0.0,99,@foxnews,green,"US Air Force B-1 bomber fleet grounded after issue with ejection seats, officials say https://t.co/l1jDRzfswB"
99,0.4404,Sat Jun 09 13:20:40 +0000 2018,0.591,0.133,0.276,100,@foxnews,green,LeBron James reveals he played with ‘self-inflicted’ injured hand for majority of NBA Finals https://t.co/0zIlw5Ckyu
0,-0.5574,Sat Jun 09 21:45:05 +0000 2018,0.841,0.159,0.0,1,@cnn,blue,"Danny Kirwan, a guitarist who appeared on five of Fleetwood Mac's albums, died in London on Friday, according to th… https://t.co/KUwHtJ6ins"
1,-0.296,Sat Jun 09 21:37:48 +0000 2018,0.885,0.115,0.0,2,@cnn,blue,JUST IN: Canadian Prime Minister Justin Trudeau says he will impose retaliatory measures to answer President Trump'… https://t.co/AiVDwmzMvV
2,0.5927,Sat Jun 09 21:10:05 +0000 2018,0.815,0.0,0.185,3,@cnn,blue,"Her rare skin condition keeps her indoors, but she braved the sun to walk at graduation https://t.co/ZkdCAXZwUE https://t.co/k6YeRZ6lI0"
3,-0.1027,Sat Jun 09 21:00:06 +0000 2018,0.928,0.072,0.0,4,@cnn,blue,An internal Census Bureau memo sent to Commerce Secretary Wilbur Ross warns that adding a citizenship question to t… https://t.co/0AZC4nYfN2
4,0.0,Sat Jun 09 20:50:07 +0000 2018,1.0,0.0,0.0,5,@cnn,blue,Secretary of State Mike Pompeo reiterated US calls for North Korea to completely rid itself of all remnants of its… https://t.co/3RxJpEMn3K
5,-0.4767,Sat Jun 09 20:40:09 +0000 2018,0.846,0.154,0.0,6,@cnn,blue,Syracuse University has suspended 15 members of a professional fraternity after they appeared in videos that the sc… https://t.co/X6Bs6DkczE
6,0.0,Sat Jun 09 20:30:08 +0000 2018,1.0,0.0,0.0,7,@cnn,blue,Porsche's first electric car will be called the Taycan https://t.co/Wxy5sh45nm https://t.co/3m7qXCcg2J
7,0.6705,Sat Jun 09 20:20:24 +0000 2018,0.618,0.085,0.297,8,@cnn,blue,"There was nobody like Anthony Bourdain, and there was no show like #PartsUnknown. CNN pays tribute with a special n… https://t.co/9TgJMgP7Kc"
8,0.6486,Sat Jun 09 20:10:07 +0000 2018,0.762,0.0,0.238,9,@cnn,blue,"President Trump says his relationships with other Western leaders are perfect, but the truth is the transatlantic a… https://t.co/o0UsVXeClf"
9,0.0,Sat Jun 09 20:00:09 +0000 2018,1.0,0.0,0.0,10,@cnn,blue,"Prince Harry and Meghan, Duchess of Sussex, joined celebrations of Queen Elizabeth II's official birthday with the… https://t.co/c6kvYJ2vwn"
10,0.539,Sat Jun 09 19:50:34 +0000 2018,0.852,0.0,0.148,11,@cnn,blue,President Trump on the upcoming North Korea meeting: “I really feel confident. I feel that Kim Jong Un wants to do… https://t.co/9jM2GjrhxU
11,0.5859,Sat Jun 09 19:40:00 +0000 2018,0.847,0.0,0.153,12,@cnn,blue,"One step on the island of Bermuda, and it's impossible not to be moved by its beauty, history, simplicity and charm… https://t.co/EOxmxM76Kk"
12,0.3612,Sat Jun 09 19:30:00 +0000 2018,0.878,0.0,0.122,13,@cnn,blue,"Will we ever fly like the Jetsons? This company just unveiled its first commercial flying car, Flyer — and… https://t.co/bZV351RYJz"
13,-0.7269,Sat Jun 09 19:20:09 +0000 2018,0.681,0.319,0.0,14,@cnn,blue,A man in Texas nearly died after the severed head of a rattlesnake bit him https://t.co/bqHnciUgf3 https://t.co/NmnJLHs3Hz
14,-0.6486,Sat Jun 09 19:17:02 +0000 2018,0.782,0.218,0.0,15,@cnn,blue,News of Anthony Bourdain’s death shook people around the world. We asked for your stories of how this gifted storyt… https://t.co/lzZyRpT9Co
15,-0.7506,Sat Jun 09 19:10:07 +0000 2018,0.726,0.274,0.0,16,@cnn,blue,"Authorities have found the remains of a woman killed by an alligator in Davie, Florida. The woman disappeared Frida… https://t.co/MlDdA6jk5h"
16,0.0,Sat Jun 09 19:00:08 +0000 2018,1.0,0.0,0.0,17,@cnn,blue,The small (but not insignificant) ways Anthony Bourdain made a difference in the lives of some everyday people… https://t.co/TMK8f9nYfC
17,0.3291,Sat Jun 09 18:50:01 +0000 2018,0.907,0.0,0.093,18,@cnn,blue,"In the history of horse racing, only 12 horses have ever won the fabled Triple Crown. But why is this trophy so dif… https://t.co/gDu0o6AgPX"
18,0.0,Sat Jun 09 18:40:00 +0000 2018,1.0,0.0,0.0,19,@cnn,blue,"President Trump, while making remarks at the G7 summit, says he has not spoken to Vladimir Putin in ""quite a while,… https://t.co/4qmAImsiL4"
19,0.0,Sat Jun 09 18:30:14 +0000 2018,1.0,0.0,0.0,20,@cnn,blue,This computer can do more calculations per second than the world's population could do in a year… https://t.co/wqlDQvYF3L
20,0.4215,Sat Jun 09 18:20:06 +0000 2018,0.882,0.0,0.118,21,@cnn,blue,"At the G7 meeting, President Trump called for an end to tariffs and scolded other countries for using the United St… https://t.co/KG7SFGii09"
21,0.4215,Sat Jun 09 18:10:00 +0000 2018,0.781,0.0,0.219,22,@cnn,blue,BlackBerry still hopes its keyboard keeps fans coming back https://t.co/AodQi1CBVV https://t.co/8KbIHW3k74
22,0.765,Sat Jun 09 18:00:06 +0000 2018,0.526,0.145,0.329,23,@cnn,blue,The race to save the Great Barrier Reef? A coral fertility treatment designed to help damaged parts of the reef is… https://t.co/MD6vhMxOh8
23,0.0,Sat Jun 09 17:50:06 +0000 2018,1.0,0.0,0.0,24,@cnn,blue,"What is a tariff? Your trade questions, answered https://t.co/AIJVEEOzHM https://t.co/HT5UJDzzjl"
24,0.0,Sat Jun 09 17:40:05 +0000 2018,1.0,0.0,0.0,25,@cnn,blue,A Sikh soldier wore a turban in Queen Elizabeth ll's official birthday parade https://t.co/LK0fihnFB2 https://t.co/142baFgcVA
25,0.0,Sat Jun 09 17:27:05 +0000 2018,1.0,0.0,0.0,26,@cnn,blue,A former diplomat at the Vatican Embassy in Washington has been indicted by a Vatican court for possession of child… https://t.co/CSRKlOzeg8
26,0.2732,Sat Jun 09 17:18:43 +0000 2018,0.514,0.221,0.265,27,@cnn,blue,Simona Halep wins first grand slam title by beating Sloane Stephens at the French Open https://t.co/0tMJbvB40e https://t.co/s3YRroOgXu
27,-0.4019,Sat Jun 09 16:59:35 +0000 2018,0.881,0.119,0.0,28,@cnn,blue,President Trump doubles down on his call for Russia to be readmitted into the G7 and blames former President Obama… https://t.co/3zkWB92wwY
28,-0.7506,Sat Jun 09 16:47:11 +0000 2018,0.67,0.33,0.0,29,@cnn,blue,The Trump administration's latest attack on Obamacare would gut protections for the sick https://t.co/ikBcCkGeAT https://t.co/ehXI4vF0vc
29,-0.5994,Sat Jun 09 16:36:04 +0000 2018,0.849,0.151,0.0,30,@cnn,blue,Construction workers in the UK have found wads of cash dating back to World War II at a shop that once belonged to… https://t.co/Zuo9XcYf9a
30,0.4404,Sat Jun 09 16:26:06 +0000 2018,0.868,0.0,0.132,31,@cnn,blue,"Anthony Bourdain's fans turned the restaurant where he shot to fame as a chef into a memorial, leaving roses and no… https://t.co/5fg9y1cERL"
31,0.7717,Sat Jun 09 16:14:06 +0000 2018,0.749,0.0,0.251,32,@cnn,blue,"Hall of Fame trainer Bob Baffert, who is looking to make history with a win today at the Belmont Stakes, compares h… https://t.co/sUsVNh98tA"
32,0.0,Sat Jun 09 16:00:03 +0000 2018,1.0,0.0,0.0,33,@cnn,blue,"The week began with news of Trump canceling the Philadelphia Eagles' visit to the White House, and ended with news… https://t.co/H1ILtBxF1W"
33,0.2023,Sat Jun 09 15:50:29 +0000 2018,0.913,0.0,0.087,34,@cnn,blue,Illinois Republicans in Congress are making an urgent plea to President Trump: Don't let Rod Blagojevich off the ho… https://t.co/L4UPCaV1kD
34,0.1779,Sat Jun 09 15:38:05 +0000 2018,0.773,0.097,0.13,35,@cnn,blue,Former Trump campaign chairman Paul Manafort and his attorneys struck back at special counsel Robert Mueller's char… https://t.co/m4eIhVUiWL
35,-0.296,Sat Jun 09 15:27:34 +0000 2018,0.824,0.176,0.0,36,@cnn,blue,"Charles Krauthammer, the famed conservative columnist, informed readers that he is confronting an aggressive form o… https://t.co/7vTbQ8M6D8"
36,0.0,Sat Jun 09 15:13:56 +0000 2018,1.0,0.0,0.0,37,@cnn,blue,"Prince Harry and Meghan, Duchess of Sussex, joined celebrations of Queen Elizabeth II's official birthday with the… https://t.co/UkiwKzYsxC"
37,-0.4585,Sat Jun 09 14:57:06 +0000 2018,0.813,0.187,0.0,38,@cnn,blue,Republicans haven't won statewide in Virginia since 2009. Tuesday's Senate primary shows why:… https://t.co/xkWpPfkUCE
38,-0.0772,Sat Jun 09 14:43:08 +0000 2018,0.933,0.067,0.0,39,@cnn,blue,President Trump says he thinks he’ll know “within the first minute” if North Korea is serious about peace… https://t.co/kRdFefn4fN
39,0.6597,Sat Jun 09 14:36:51 +0000 2018,0.822,0.0,0.178,40,@cnn,blue,"RT @CNNPolitics: Trump: ""I think it would be asset to have Russia back in. I think it would be good for the world. I think it would be good…"
40,0.2732,Sat Jun 09 14:30:03 +0000 2018,0.884,0.0,0.116,41,@cnn,blue,"""Consumer Financial Protection Bureau acting director Mick Mulvaney has ousted a committed group of experts who vol… https://t.co/l36frkFEtw"
41,0.539,Sat Jun 09 14:24:10 +0000 2018,0.852,0.0,0.148,42,@cnn,blue,President Trump on the upcoming North Korea meeting: “I really feel confident. I feel that Kim Jong Un wants to do… https://t.co/D0Fi57k3zj
42,-0.3412,Sat Jun 09 14:20:07 +0000 2018,0.789,0.211,0.0,43,@cnn,blue,Things don't look good for Dodge and Chrysler https://t.co/twYdKzCpZ4 https://t.co/9aKZvGnuQG
43,0.5574,Sat Jun 09 14:18:20 +0000 2018,0.813,0.0,0.187,44,@cnn,blue,"President Trump: Trade was ""at the top of the list"" at G7 discussions because ""the United States has been taken adv… https://t.co/u6247HzPsj"
44,0.0,Sat Jun 09 14:16:21 +0000 2018,1.0,0.0,0.0,45,@cnn,blue,President Trump is speaking at the G7 before heading to Singapore for the summit with Kim Jong Un. Watch live on CN… https://t.co/dNYLQOvVEk
45,0.0,Sat Jun 09 14:09:49 +0000 2018,1.0,0.0,0.0,46,@cnn,blue,President Trump is planning to depart the G7 ahead of climate change talks https://t.co/bfFqMKTIrg https://t.co/6PkzSs4guA
46,0.34,Sat Jun 09 14:01:04 +0000 2018,0.888,0.0,0.112,47,@cnn,blue,Former President Obama says he’ll always remember the meal he shared with Anthony Bourdain in Vietnam: “He taught u… https://t.co/XI67jcoy55
47,-0.3818,Sat Jun 09 13:46:07 +0000 2018,0.833,0.167,0.0,48,@cnn,blue,President Trump's tariffs on steel and aluminum threaten America's booming RV industry https://t.co/FxOEFN6Sx2 https://t.co/zpDj0uGxRI
48,0.0,Sat Jun 09 13:31:03 +0000 2018,1.0,0.0,0.0,49,@cnn,blue,"What is a tariff? Your trade questions, answered https://t.co/8Fylq20zXj https://t.co/pSfQJhAnZR"
49,0.5719,Sat Jun 09 13:26:05 +0000 2018,0.829,0.0,0.171,50,@cnn,blue,The Duke and Duchess of Sussex celebrate Queen Elizabeth II's official birthday with the traditional Trooping the C… https://t.co/L2o8IJcNej
50,0.5859,Sat Jun 09 13:16:00 +0000 2018,0.847,0.0,0.153,51,@cnn,blue,"One step on the island of Bermuda, and it's impossible not to be moved by its beauty, history, simplicity and charm… https://t.co/mPpGOqifbk"
51,0.0,Sat Jun 09 13:01:05 +0000 2018,1.0,0.0,0.0,52,@cnn,blue,"As the millions of US children diagnosed with ADHD move into adulthood, more and more are wondering whether to cont… https://t.co/Qs5xlj8fwK"
52,0.0,Sat Jun 09 12:53:19 +0000 2018,0.763,0.119,0.119,53,@cnn,blue,"Fans around the world mourn chef and storyteller Anthony Bourdain, sharing memories of how his travels, food and co… https://t.co/jiW8HhY9ia"
53,0.6124,Sat Jun 09 12:46:08 +0000 2018,0.762,0.0,0.238,54,@cnn,blue,"Does a pharmacy have an obligation to help a patient be sure that insurance will cover a prescription?

That's the… https://t.co/2Jxsnx7cI0"
54,0.3818,Sat Jun 09 12:31:06 +0000 2018,0.698,0.0,0.302,55,@cnn,blue,Twitter has had a stunning turnaround https://t.co/hzutT84IrC https://t.co/AK7R50K5mh
55,0.4939,Sat Jun 09 12:16:00 +0000 2018,0.856,0.0,0.144,56,@cnn,blue,IHOP says it's changing name to IHOb. Many major companies also have rebranded — some successfully and some not so… https://t.co/Xz5NjtpaqH
56,0.4576,Sat Jun 09 12:01:03 +0000 2018,0.786,0.0,0.214,57,@cnn,blue,Mars is suddenly more interesting | By Jonathan Lunine via @CNNOpinion https://t.co/EA2ETHIldR https://t.co/fgmZax7nwV
57,-0.5994,Sat Jun 09 11:52:04 +0000 2018,0.849,0.151,0.0,58,@cnn,blue,Construction workers in the UK have found wads of cash dating back to World War II at a shop that once belonged to… https://t.co/TYdsjSziK7
58,0.0,Sat Jun 09 11:46:00 +0000 2018,1.0,0.0,0.0,59,@cnn,blue,"During her commencement address to the MIT Class of 2018, Facebook COO Sheryl Sandberg spoke candidly about Faceboo… https://t.co/hznkJTzAPH"
59,-0.296,Sat Jun 09 11:31:05 +0000 2018,0.824,0.176,0.0,60,@cnn,blue,"Charles Krauthammer, the famed conservative columnist, informed readers that he is confronting an aggressive form o… https://t.co/H6R3LykoER"
60,0.3612,Sat Jun 09 11:16:00 +0000 2018,0.878,0.0,0.122,61,@cnn,blue,"Will we ever fly like the Jetsons? This company just unveiled its first commercial flying car, Flyer — and… https://t.co/uRJsH7yPmG"
61,0.765,Sat Jun 09 11:01:06 +0000 2018,0.526,0.145,0.329,62,@cnn,blue,The race to save the Great Barrier Reef? A coral fertility treatment designed to help damaged parts of the reef is… https://t.co/AGpnS1dn0C
62,-0.4588,Sat Jun 09 10:31:49 +0000 2018,0.857,0.143,0.0,63,@cnn,blue,"Organizers of a fashion show in Saudi Arabia used drones to display female clothes, drawing ridicule on social medi… https://t.co/cgo5HTjIJd"
63,0.0,Sat Jun 09 10:16:00 +0000 2018,1.0,0.0,0.0,64,@cnn,blue,"From delivery to aviation, Dubai is at the forefront of drone experimentation. Here's a look at what the future hol… https://t.co/IZMve8IRLb"
64,0.0,Sat Jun 09 10:01:03 +0000 2018,1.0,0.0,0.0,65,@cnn,blue,Are windowless planes the future of travel? https://t.co/Fjc2m6WgtG https://t.co/ux29QpKXWA
65,0.0,Sat Jun 09 09:31:04 +0000 2018,1.0,0.0,0.0,66,@cnn,blue,"Hurricanes and tropical storms are moving more slowly around the planet, resulting in higher rainfall and more extr… https://t.co/8qyqjq9IGd"
66,0.4019,Sat Jun 09 09:29:10 +0000 2018,0.87,0.0,0.13,67,@cnn,blue,"The Afghan Taliban called for a three-day ceasefire with Afghan forces over the Eid al-Fitr holiday, a move that fo… https://t.co/BLmTAtjmRg"
67,0.5859,Sat Jun 09 09:16:00 +0000 2018,0.703,0.074,0.223,68,@cnn,blue,"Tyler Soloman wiped tears of joy off his face after his father, who'd been deployed overseas, surprised Tyler by sh… https://t.co/uzD0GNZH2P"
68,0.0,Sat Jun 09 09:01:21 +0000 2018,1.0,0.0,0.0,69,@cnn,blue,"Penguins, Seals, and Krill: Antarctica's fragile food chain | via @CNNVR https://t.co/1BBRFfOzWk https://t.co/G46D0CB0wY"
69,0.0,Sat Jun 09 08:31:08 +0000 2018,1.0,0.0,0.0,70,@cnn,blue,Anthony Bourdain's life in pictures https://t.co/76sjWPlMRR https://t.co/MtFAqaoDvC
70,-0.6124,Sat Jun 09 08:29:13 +0000 2018,0.762,0.238,0.0,71,@cnn,blue,"The US Embassy in Mozambique has warned of ""imminent attacks"" against government and commercial centers in a northe… https://t.co/EoDJsFFoOM"
71,0.6369,Sat Jun 09 08:16:00 +0000 2018,0.794,0.0,0.206,72,@cnn,blue,Egypt is building The Grand Egyptian Museum. The cost? More than $1 billion. It will re-house and restore some of t… https://t.co/R5c8mOlfrv
72,0.3612,Sat Jun 09 08:05:06 +0000 2018,0.751,0.089,0.16,73,@cnn,blue,The Justice Department won't defend the Deferred Action for Childhood Arrivals program in a federal lawsuit that Te… https://t.co/0IJPEuEAF0
73,0.0,Sat Jun 09 08:01:09 +0000 2018,1.0,0.0,0.0,74,@cnn,blue,President Trump is dressed as a king on the new Time magazine cover https://t.co/7pFcAHVSIF https://t.co/joUPfVBvUY
74,0.2732,Sat Jun 09 07:46:00 +0000 2018,0.9,0.0,0.1,75,@cnn,blue,"First responders in Russellville, Arkansas, went above and beyond the call of duty to surprise a teen with autism a… https://t.co/QtTP3JEFVL"
75,0.0,Sat Jun 09 07:31:08 +0000 2018,1.0,0.0,0.0,76,@cnn,blue,The world's highest glass bridge will soon be home to the world's highest bungee jump https://t.co/fAaotSRizW via… https://t.co/t4WbdUBMFL
76,0.0,Sat Jun 09 07:16:00 +0000 2018,1.0,0.0,0.0,77,@cnn,blue,"Steamboat Geyser in Yellowstone National Park is erupting unusually often. One June 4, the geyser had its eighth er… https://t.co/kzJPr5HFmj"
77,-0.2732,Sat Jun 09 07:01:07 +0000 2018,0.896,0.104,0.0,78,@cnn,blue,"Researchers are looking into the possibility of using blood tests to predict a woman's risk of premature birth, whi… https://t.co/vJZFkJZz7U"
78,0.0,Sat Jun 09 06:46:00 +0000 2018,1.0,0.0,0.0,79,@cnn,blue,Watch these homes being built using a 3D printer https://t.co/igaBP4k4F8 https://t.co/cpQ97vRD2k
79,0.0,Sat Jun 09 06:31:07 +0000 2018,1.0,0.0,0.0,80,@cnn,blue,KFC says it will break with its meat-loving tradition and begin testing a vegetarian alternative to chicken later t… https://t.co/WfVJGm649F
80,0.2263,Sat Jun 09 06:16:00 +0000 2018,0.894,0.0,0.106,81,@cnn,blue,This Army soldier traveled from Iraq for his daughter’s graduation and surprised her at the rehearsal… https://t.co/5UKjPCDo5W
81,0.0,Sat Jun 09 06:01:07 +0000 2018,1.0,0.0,0.0,82,@cnn,blue,This is the poem a kindergarten teacher hung up so her students know what to do in a school shooting… https://t.co/Tf587ohFnZ
82,0.8519,Sat Jun 09 05:46:00 +0000 2018,0.646,0.0,0.354,83,@cnn,blue,Ever felt like your vacation would make a good blockbuster movie? This tour company aims to capture your travel exp… https://t.co/DsmmE2rdJx
83,0.7351,Sat Jun 09 05:16:00 +0000 2018,0.677,0.0,0.323,84,@cnn,blue,This delivery man is being praised for taking a welcome mat's quirky instructions literally https://t.co/JTIKQxzCvS https://t.co/rZCmomGUOb
84,0.0258,Sat Jun 09 05:01:04 +0000 2018,0.942,0.0,0.058,85,@cnn,blue,Organic matter has been found on Mars in soil samples the Curiosity rover took from 3 billion-year-old mudstone in… https://t.co/QrC1BQMFkl
85,0.4215,Sat Jun 09 04:46:00 +0000 2018,0.781,0.0,0.219,86,@cnn,blue,BlackBerry still hopes its keyboard keeps fans coming back https://t.co/AodQi1UcNt https://t.co/r2CaKtagX7
86,-0.3597,Sat Jun 09 04:31:04 +0000 2018,0.773,0.146,0.082,87,@cnn,blue,"Venezuela ranks as the most dangerous country in the world for the second straight year, according to a new Gallup… https://t.co/ywDhdCxqJn"
87,0.0,Sat Jun 09 04:16:00 +0000 2018,1.0,0.0,0.0,88,@cnn,blue,This surveillance camera footage from last weekend shows a tiny asteroid that NASA says disintegrated over southern… https://t.co/f10F3pY2Rw
88,0.0,Sat Jun 09 04:01:07 +0000 2018,1.0,0.0,0.0,89,@cnn,blue,Time cover gets Trump just right | By Michael D'Antonio via @CNNOpinion https://t.co/3Na14xHBeg https://t.co/MtWRm0tvV9
89,0.5859,Sat Jun 09 03:46:00 +0000 2018,0.847,0.0,0.153,90,@cnn,blue,"One step on the island of Bermuda, and it's impossible not to be moved by its beauty, history, simplicity and charm… https://t.co/FUbBJgpbPn"
90,0.8225,Sat Jun 09 03:41:59 +0000 2018,0.65,0.0,0.35,91,@cnn,blue,The Golden State Warriors clinched their third NBA championship title in four years with a decisive 108-85 win over… https://t.co/xFuSWVjOK6
91,0.0,Sat Jun 09 03:38:22 +0000 2018,1.0,0.0,0.0,92,@cnn,blue,"Manuel Antonio Cano Pacheco grew up in Iowa. He was sent back to Mexico because of misdemeanor convictions, ICE say… https://t.co/AHXBMGozjb"
92,0.4767,Sat Jun 09 03:31:17 +0000 2018,0.853,0.0,0.147,93,@cnn,blue,"As family and friends watch at a distance, phones set to record, a man places a watermelon into an alligator's jaws… https://t.co/IwsAdq0ACH"
93,0.4939,Sat Jun 09 03:16:04 +0000 2018,0.667,0.1,0.233,94,@cnn,blue,What's the secret to Okinawans' long life? Experts argue that though a combination of good genes and healthy lifest… https://t.co/YqGC9CbZTo
94,-0.3781,Sat Jun 09 03:12:27 +0000 2018,0.839,0.108,0.053,95,@cnn,blue,"RT @CNNTonight: ""Tony came raw to the picture, he came with his history of his own demons, he didn't hide that he had these terrible proble…"
95,0.0,Sat Jun 09 03:01:00 +0000 2018,1.0,0.0,0.0,96,@cnn,blue,What is 5G? It's a wireless network technology that will change everything from how you use your phone to how self-… https://t.co/zsnqRVLTtA
96,0.4939,Sat Jun 09 02:46:00 +0000 2018,0.856,0.0,0.144,97,@cnn,blue,IHOP says it's changing name to IHOb. Many major companies also have rebranded — some successfully and some not so… https://t.co/Iogr95BePz
97,-0.8074,Sat Jun 09 02:35:58 +0000 2018,0.691,0.269,0.04,98,@cnn,blue,"RT @CuomoPrimeTime: .@chriscuomo: Suicide is a dirty secret in our society. It is a plague. 

Reach out. Don’t wonder whats going on. Ask t…"
98,0.0,Sat Jun 09 02:31:06 +0000 2018,1.0,0.0,0.0,99,@cnn,blue,"Gloria Williams, who nearly two decades ago took a baby girl from a Florida hospital and raised the child as her ow… https://t.co/Di4Q1jkO6v"
99,-0.6705,Sat Jun 09 02:16:43 +0000 2018,0.648,0.267,0.085,100,@cnn,blue,"RT @CuomoPrimeTime: .@davidaxelrod remembers Anthony Bourdain as well his father, a victim of suicide, and says stigma surrounding the topi…"
0,0.5719,Sat Jun 09 21:39:56 +0000 2018,0.85,0.0,0.15,1,@cbsnews,yellow,Buildings in the Bay Area lit up blue and gold overnight as fans celebrated the Golden State @Warriors' third NBA c… https://t.co/ec26P3ueg3
1,-0.5216,Sat Jun 09 21:19:31 +0000 2018,0.856,0.144,0.0,2,@cbsnews,yellow,"Volkswagen's plan to end production of the iconic model won't change the love many owners have for their ""bugs""— or… https://t.co/rs7fn7GOJn"
2,-0.6369,Sat Jun 09 20:59:38 +0000 2018,0.811,0.189,0.0,3,@cbsnews,yellow,"Toxic abuse has long been a staple of darker social-media realms, message boards and internet comments pages -- but… https://t.co/78lXrTPDdd"
3,0.2755,Sat Jun 09 20:40:21 +0000 2018,0.905,0.0,0.095,4,@cbsnews,yellow,"Prince George may be Britain's future king, but his cousin Savannah Phillips isn't shy about telling him to quiet d… https://t.co/RWpQeA8K3b"
4,-0.3182,Sat Jun 09 20:19:24 +0000 2018,0.892,0.108,0.0,5,@cbsnews,yellow,As this year's Puerto Rican Day Parade draws attention to the island's continued struggle in the wake of Hurricane… https://t.co/HulKjfBHpo
5,-0.4939,Sat Jun 09 20:02:01 +0000 2018,0.842,0.158,0.0,6,@cbsnews,yellow,A salmonella outbreak spanning eight states that infected 60 and hospitalized 31 has been connected to pre-cut melo… https://t.co/4YO6g3W7vD
6,0.6369,Sat Jun 09 19:42:37 +0000 2018,0.856,0.0,0.144,7,@cbsnews,yellow,"RT @CBSSunday: TOMORROW 

Jim Parsons, best known for his work in front of the camera on @bigbangtheory &amp; on the stage in the revival of @B…"
7,-0.5106,Sat Jun 09 19:39:57 +0000 2018,0.717,0.19,0.093,8,@cbsnews,yellow,"""It is a myth that asking about suicide will cause someone to commit suicide"": Experts offer insight on interventio… https://t.co/cQwktOodtT"
8,-0.3182,Sat Jun 09 19:19:51 +0000 2018,0.845,0.155,0.0,9,@cbsnews,yellow,"President Trump cut his G-7 attendance short to leave for the summit in Singapore, leaving other leaders to discuss… https://t.co/drnDIHeJK9"
9,-0.4019,Sat Jun 09 19:00:22 +0000 2018,0.671,0.212,0.117,10,@cbsnews,yellow,"Shahab fled Iran after he was beaten and jailed for converting to Christianity. Now in the U.S., he’s free from all… https://t.co/0fctuXaeRS"
10,0.1779,Sat Jun 09 18:40:11 +0000 2018,0.809,0.075,0.116,11,@cbsnews,yellow,Russian President Vladimir Putin was caught delicately crafting dumplings Friday during his visit to China https://t.co/beLeCP6unJ
11,0.0,Sat Jun 09 18:21:23 +0000 2018,1.0,0.0,0.0,12,@cbsnews,yellow,Doctors told her parents she likely wouldn't live long— then that she would never walk. This 19-year-old with cereb… https://t.co/SKziTGHEFj
12,0.765,Sat Jun 09 18:14:56 +0000 2018,0.761,0.0,0.239,13,@cbsnews,yellow,The 2018 Belmont Stakes is set to take place this evening -- and one horse is hoping to win the Triple Crown… https://t.co/lQDgMcPIPd
13,0.0,Sat Jun 09 17:50:04 +0000 2018,1.0,0.0,0.0,14,@cbsnews,yellow,"Ahead of the highly-anticipated summit with North Korea, @CBSEveningNews anchor @JeffGlor is in Singapore:… https://t.co/MnZjShPdgw"
14,0.0,Sat Jun 09 17:29:57 +0000 2018,1.0,0.0,0.0,15,@cbsnews,yellow,"Electric cars are already here. Now, companies are looking to move the technology into another space: airplanes.… https://t.co/JhtJSzubZs"
15,0.0,Sat Jun 09 17:16:39 +0000 2018,1.0,0.0,0.0,16,@cbsnews,yellow,RT @CBSThisMorning: .@TheTonyAwards are on @CBS tomorrow night! Here’s a look at some of the preparations ahead of Broadway’s biggest night…
16,-0.0772,Sat Jun 09 17:10:21 +0000 2018,0.944,0.056,0.0,17,@cbsnews,yellow,President Trump said it won't take long for him to tell if North Korean leader Kim Jong Un is serious about denucle… https://t.co/sKVAqhatkJ
17,0.296,Sat Jun 09 16:50:01 +0000 2018,0.879,0.0,0.121,18,@cbsnews,yellow,The family in charge of the Singapore hotel hosting the U.S.-North Korea summit shares Trump-like ambition… https://t.co/sDTZlDpuBg
18,0.2732,Sat Jun 09 16:29:33 +0000 2018,0.674,0.135,0.192,19,@cbsnews,yellow,"Top-ranked Simona Halep wins the #FrenchOpen by defeating Sloane Stephens 3-6, 6-4, 6-1 https://t.co/en40gwzJJT https://t.co/SHLFffYyEO"
19,-0.1154,Sat Jun 09 16:10:30 +0000 2018,0.935,0.065,0.0,20,@cbsnews,yellow,"He risked his life, traveling thousands of miles to cross the U.S. border, but his journey is far from over. Stream… https://t.co/1CyQsRrk9D"
20,0.4019,Sat Jun 09 15:49:30 +0000 2018,0.881,0.0,0.119,21,@cbsnews,yellow,The Afghan Taliban announced a 3-day cease-fire for the Eid al-Fitr holiday at the end of the holy month of Ramadan… https://t.co/CrcHIAuFe1
21,0.0,Sat Jun 09 15:41:55 +0000 2018,1.0,0.0,0.0,22,@cbsnews,yellow,"President Trump says he will ""know in the first minute"" whether North Korean leader Kim Jong Un is ""serious"" about… https://t.co/47Aqo1HEga"
22,0.5719,Sat Jun 09 15:29:42 +0000 2018,0.837,0.0,0.163,23,@cbsnews,yellow,Prince Harry and Meghan Markle joined the pageantry of the annual Trooping the Color ceremony to celebrate Queen El… https://t.co/0YsALCVVNH
23,0.0,Sat Jun 09 15:10:07 +0000 2018,1.0,0.0,0.0,24,@cbsnews,yellow,WATCH: Take a look at how the coastline of Hawaii's Big Island has changed since the Kilauea volcano began erupting… https://t.co/MhZSAxyHnr
24,-0.7096,Sat Jun 09 14:49:49 +0000 2018,0.608,0.289,0.103,25,@cbsnews,yellow,4 U.S. service members who were wounded in an extremist attack in Somalia that killed one special operations soldie… https://t.co/bcEyYzRuJl
25,-0.0772,Sat Jun 09 14:39:43 +0000 2018,0.944,0.056,0.0,26,@cbsnews,yellow,"Reporter: How long do you think it will take you to figure out whether Kim Jong Un is serious?

President Trump: “I… https://t.co/OBU0BrL9qf"
26,0.0,Sat Jun 09 14:36:02 +0000 2018,1.0,0.0,0.0,27,@cbsnews,yellow,"President Trump says the U.S. relationship with its allies ""is a 10"" following G-7 summit https://t.co/syywHUMwLG https://t.co/mtKO3vrHT7"
27,0.0,Sat Jun 09 14:31:24 +0000 2018,1.0,0.0,0.0,28,@cbsnews,yellow,"""You know, Obama can say all he wants, but he allowed Russia to take Crimea. I may have had a much different attitu… https://t.co/E3sMsGuxnK"
28,0.0,Sat Jun 09 14:26:38 +0000 2018,1.0,0.0,0.0,29,@cbsnews,yellow,"""Tariffs are going to come way down because we people cannot continue to do that,"" President Trump says. ""We are li… https://t.co/oU0EL8VFIN"
29,0.6597,Sat Jun 09 14:23:43 +0000 2018,0.803,0.0,0.197,30,@cbsnews,yellow,"""I think it would be an asset to have Russia back in [the G-7]. I think it would be good for the world,"" President… https://t.co/SjvNCse3XM"
30,0.8214,Sat Jun 09 14:22:36 +0000 2018,0.735,0.0,0.265,31,@cbsnews,yellow,"""I really feel confident. I feel that Kim Jong Un wants to do something great for his people, and he has that oppor… https://t.co/vife8VEUjx"
31,0.5423,Sat Jun 09 14:20:16 +0000 2018,0.877,0.0,0.123,32,@cbsnews,yellow,"""I will be on a mission of peace, and we will carry in, really -- in my heart, we are going to be carrying the hear… https://t.co/kAORBwtI0w"
32,0.3818,Sat Jun 09 14:16:38 +0000 2018,0.847,0.0,0.153,33,@cbsnews,yellow,"""We want and expect other nation to provide fair market access to American exports and that we will take whatever s… https://t.co/Ss7moC0GQc"
33,0.0,Sat Jun 09 14:14:03 +0000 2018,1.0,0.0,0.0,34,@cbsnews,yellow,WATCH LIVE: President Trump delivers statement at G-7 summit as he prepares to head to Singapore for meeting with N… https://t.co/8ZKOqjf4qs
34,-0.7269,Sat Jun 09 13:49:30 +0000 2018,0.736,0.264,0.0,35,@cbsnews,yellow,"For more than a year, Florida failed to do national background checks that could have disqualified people from gain… https://t.co/hvt09tJdaV"
35,-0.5994,Sat Jun 09 13:30:03 +0000 2018,0.769,0.231,0.0,36,@cbsnews,yellow,Can President Trump and Kim Jong Un end the 68-year-old Korean War? https://t.co/yJYhxdnN74 https://t.co/z54J6O7jJK
36,-0.2263,Sat Jun 09 13:15:54 +0000 2018,0.888,0.112,0.0,37,@cbsnews,yellow,Search teams have located the body of a woman who vanished Friday in a suspected alligator attack… https://t.co/wg7RX1ZqLv
37,0.5106,Sat Jun 09 13:03:03 +0000 2018,0.784,0.0,0.216,38,@cbsnews,yellow,"""Zero trust"" between U.S. and North Korea ahead of historic summit https://t.co/2bT4TFLoUf https://t.co/8VpZ7gHoRk"
38,-0.5106,Sat Jun 09 12:48:04 +0000 2018,0.784,0.216,0.0,39,@cbsnews,yellow,"University offers $3,500 to get sick and stay in ""Hotel Influenza"" https://t.co/pHdAork3OW https://t.co/pnJwdLVXQE"
39,-0.0258,Sat Jun 09 12:33:04 +0000 2018,0.927,0.073,0.0,40,@cbsnews,yellow,"Gloria Williams sentenced for kidnapping newborn from hospital, raising child as her own https://t.co/oQxTlSaIMO https://t.co/RPOft178nu"
40,-0.8481,Sat Jun 09 12:18:04 +0000 2018,0.521,0.479,0.0,41,@cbsnews,yellow,"Mother, her boyfriend sentenced in boy's ""beyond animalistic"" child abuse death https://t.co/P61Ja7u7kS https://t.co/1OI79KPaIj"
41,-0.6808,Sat Jun 09 12:03:04 +0000 2018,0.699,0.301,0.0,42,@cbsnews,yellow,Former Senate Intel staffer accused of lying to FBI makes first court appearance https://t.co/Ci68UqgVxb https://t.co/tLQ2bY4iDB
42,0.0,Sat Jun 09 11:48:03 +0000 2018,1.0,0.0,0.0,43,@cbsnews,yellow,Teen escorted from U.S. by ICE slain soon after in Mexico: Report https://t.co/JWiopRQHMA https://t.co/QDGXtfRMjl
43,0.0,Sat Jun 09 11:33:03 +0000 2018,1.0,0.0,0.0,44,@cbsnews,yellow,Fox News' Charles Krauthammer says he has weeks to live https://t.co/4HPbRwLsAc https://t.co/wz1UiswLri
44,-0.7579,Sat Jun 09 11:18:03 +0000 2018,0.519,0.481,0.0,45,@cbsnews,yellow,Palestinians killed in protest near Israel-Gaza border https://t.co/DhtoKuJN9x https://t.co/qGbxFIUtK2
45,-0.3182,Sat Jun 09 11:03:05 +0000 2018,0.796,0.204,0.0,46,@cbsnews,yellow,Group photo masks underlying tension at G-7 summit https://t.co/gWeG8c22fI https://t.co/2Aqe8J9lyH
46,0.5574,Sat Jun 09 10:48:04 +0000 2018,0.769,0.0,0.231,47,@cbsnews,yellow,"Mom in ""affluenza"" case in Texas jail after positive drug test https://t.co/BdS7ls5VfD https://t.co/07u57WLNPp"
47,-0.5994,Sat Jun 09 10:33:04 +0000 2018,0.642,0.358,0.0,48,@cbsnews,yellow,Stars react to Anthony Bourdain's death https://t.co/XaqFFj4SOP https://t.co/i6KvwcoZeI
48,0.5859,Sat Jun 09 10:18:05 +0000 2018,0.648,0.0,0.352,49,@cbsnews,yellow,$315M Powerball Jackpot winner comes forward https://t.co/ld8gpKWB2g https://t.co/MDyi8AsNCn
49,0.6705,Sat Jun 09 10:03:05 +0000 2018,0.593,0.0,0.407,50,@cbsnews,yellow,Former security chief for Senate Intelligence Committee indicted https://t.co/WWaotj7p68 https://t.co/XSkfk4QC4s
50,-0.34,Sat Jun 09 09:48:06 +0000 2018,0.806,0.194,0.0,51,@cbsnews,yellow,Teen's arrest prompts new use-of-force investigation for Mesa police https://t.co/AomCZUrMUq https://t.co/2NSzowvnSO
51,0.0,Sat Jun 09 09:33:03 +0000 2018,1.0,0.0,0.0,52,@cbsnews,yellow,Stormy Daniels' former attorney countersues https://t.co/CHACqidrrE https://t.co/j0JS2Q636P
52,-0.1779,Sat Jun 09 09:18:04 +0000 2018,0.476,0.295,0.229,53,@cbsnews,yellow,5 dangerous myths about Social Security https://t.co/L97dCCNTK4 https://t.co/nJTclEeU31
53,-0.8126,Sat Jun 09 09:03:08 +0000 2018,0.625,0.375,0.0,54,@cbsnews,yellow,"Suspect in fatal crash tells TV station: ""People hit and run people all the time"" https://t.co/ZUpGexiSHj https://t.co/ri9u6P6eBF"
54,-0.7096,Sat Jun 09 08:48:04 +0000 2018,0.67,0.33,0.0,55,@cbsnews,yellow,High school valedictorian says mic was cut before speaking about sex assault https://t.co/VHy6P86iZW https://t.co/vr3OZuZ8NN
55,-0.6486,Sat Jun 09 08:33:04 +0000 2018,0.736,0.264,0.0,56,@cbsnews,yellow,Woman who led private investigator to stepson's decomposing remains found dead https://t.co/ifW3Y8NNWh https://t.co/fINIm2HenM
56,-0.0258,Sat Jun 09 08:18:03 +0000 2018,0.927,0.073,0.0,57,@cbsnews,yellow,"Gloria Williams sentenced for kidnapping newborn from hospital, raising child as her own https://t.co/dZbiYaOlNs https://t.co/nGg2JYkFQv"
57,-0.5106,Sat Jun 09 08:03:04 +0000 2018,0.784,0.216,0.0,58,@cbsnews,yellow,"University offers $3,500 to get sick and stay in ""Hotel Influenza"" https://t.co/qmdxJHvro3 https://t.co/Ay5D1Hnrk9"
58,-0.8481,Sat Jun 09 07:48:03 +0000 2018,0.521,0.479,0.0,59,@cbsnews,yellow,"Mother, her boyfriend sentenced in boy's ""beyond animalistic"" child abuse death https://t.co/NSvhsLD5YS https://t.co/Es5pmEwguh"
59,-0.6124,Sat Jun 09 07:33:03 +0000 2018,0.692,0.308,0.0,60,@cbsnews,yellow,"Asia Argento, girlfriend of Anthony Bourdain, ""beyond devastated"" https://t.co/iYY5HTPcVe https://t.co/twNUJmiCIp"
60,0.0,Sat Jun 09 07:18:03 +0000 2018,1.0,0.0,0.0,61,@cbsnews,yellow,Fox News' Charles Krauthammer says he has weeks to live https://t.co/fbQ25GCArj https://t.co/7YOc4ptMl0
61,0.296,Sat Jun 09 07:03:04 +0000 2018,0.845,0.0,0.155,62,@cbsnews,yellow,"Researchers say they're on the verge of creating a revolutionary, non-addictive painkiller https://t.co/u9kM4XUWXI https://t.co/KJLneHl9Xg"
62,-0.7579,Sat Jun 09 06:48:04 +0000 2018,0.519,0.481,0.0,63,@cbsnews,yellow,Palestinians killed in protest near Israel-Gaza border https://t.co/Gcf57qhHp6 https://t.co/yEeiclWjS0
63,0.5574,Sat Jun 09 06:33:04 +0000 2018,0.723,0.0,0.277,64,@cbsnews,yellow,"Trump says he may pardon Muhammad Ali, who does not need a pardon https://t.co/CSfrmCESau https://t.co/lEbE35xvkE"
64,-0.5994,Sat Jun 09 06:18:04 +0000 2018,0.642,0.358,0.0,65,@cbsnews,yellow,Stars react to Anthony Bourdain's death https://t.co/ZAvjD1gHKv https://t.co/Xzyn9wv60j
65,0.5574,Sat Jun 09 06:03:06 +0000 2018,0.769,0.0,0.231,66,@cbsnews,yellow,"Mom in ""affluenza"" case in Texas jail after positive drug test https://t.co/Aryj6AEkAZ https://t.co/K39a1CtDfC"
66,-0.5574,Sat Jun 09 05:48:04 +0000 2018,0.795,0.205,0.0,67,@cbsnews,yellow,Kate Spade's father said he spoke to her the night before she died https://t.co/hPhLaiRl9K https://t.co/xbutyk3sKb
67,0.5859,Sat Jun 09 05:33:05 +0000 2018,0.648,0.0,0.352,68,@cbsnews,yellow,$315M Powerball Jackpot winner comes forward https://t.co/EtmEQjQ1iD https://t.co/wzu4QQsb9J
68,-0.34,Sat Jun 09 05:18:05 +0000 2018,0.806,0.194,0.0,69,@cbsnews,yellow,Teen's arrest prompts new use-of-force investigation for Mesa police https://t.co/Ojn5ufeZQW https://t.co/P2IlJl7Y8v
69,0.0,Sat Jun 09 05:03:04 +0000 2018,1.0,0.0,0.0,70,@cbsnews,yellow,Stormy Daniels' former attorney countersues https://t.co/9TcJ8awSG0 https://t.co/Y7HjJ8RZAA
70,-0.1779,Sat Jun 09 04:48:03 +0000 2018,0.476,0.295,0.229,71,@cbsnews,yellow,5 dangerous myths about Social Security https://t.co/eJR8SNXxF6 https://t.co/bpF6XXuB01
71,-0.7096,Sat Jun 09 04:33:03 +0000 2018,0.67,0.33,0.0,72,@cbsnews,yellow,High school valedictorian says mic was cut before speaking about sex assault https://t.co/HPzGQvfP6v https://t.co/y4vjIuSSbB
72,-0.6486,Sat Jun 09 04:18:03 +0000 2018,0.736,0.264,0.0,73,@cbsnews,yellow,Woman who led private investigator to stepson's decomposing remains found dead https://t.co/tIzWD3pZII https://t.co/EylAtAJMjM
73,-0.0258,Sat Jun 09 04:03:06 +0000 2018,0.927,0.073,0.0,74,@cbsnews,yellow,"Gloria Williams sentenced for kidnapping newborn from hospital, raising child as her own https://t.co/vbyN5oULaN https://t.co/7WLUMDNYDH"
74,0.1531,Sat Jun 09 03:50:00 +0000 2018,0.657,0.157,0.187,75,@cbsnews,yellow,"The Warriors defeated LeBron James and the Cavaliers 108-85, completing a perfect 4-0 sweep https://t.co/Byn9sLKXGL https://t.co/V4KNZy4IAt"
75,-0.6486,Sat Jun 09 03:48:03 +0000 2018,0.602,0.398,0.0,76,@cbsnews,yellow,Woman missing after reported alligator attack in Florida https://t.co/GP0MEsucEt https://t.co/Bs3cVoxsSk
76,-0.8481,Sat Jun 09 03:33:03 +0000 2018,0.521,0.479,0.0,77,@cbsnews,yellow,"Mother, her boyfriend sentenced in boy's ""beyond animalistic"" child abuse death https://t.co/p2zYrsgywF https://t.co/rKKuaUzghZ"
77,-0.6124,Sat Jun 09 03:18:04 +0000 2018,0.692,0.308,0.0,78,@cbsnews,yellow,"Asia Argento, girlfriend of Anthony Bourdain, ""beyond devastated"" https://t.co/e1GU9vOKPn https://t.co/RrDJwtAUm4"
78,0.0,Sat Jun 09 03:03:08 +0000 2018,1.0,0.0,0.0,79,@cbsnews,yellow,Fox News' Charles Krauthammer says he has weeks to live https://t.co/jIOUmPjHSU https://t.co/jIGRsinthx
79,0.0,Sat Jun 09 02:49:33 +0000 2018,1.0,0.0,0.0,80,@cbsnews,yellow,Revelations of a Chinese cyberattack on a U.S. Navy contractor comes days before President Trump attends a summit w… https://t.co/nJQCbqjMaP
80,0.4019,Sat Jun 09 02:29:33 +0000 2018,0.863,0.0,0.137,81,@cbsnews,yellow,"""The future is now"": Policymakers and businesses are ill-prepared to help workers navigate the transition and adapt… https://t.co/fzNPQYkxY7"
81,0.8442,Sat Jun 09 02:09:30 +0000 2018,0.701,0.0,0.299,82,@cbsnews,yellow,"Honda slates its Super Cub, the best selling motor vehicle of all time, for a rerelease in the U.S. next year… https://t.co/G24r4LbrgS"
82,0.6846,Sat Jun 09 01:49:30 +0000 2018,0.651,0.08,0.269,83,@cbsnews,yellow,"Whichever team wins the NBA championship, President Trump says he won't be inviting them to the White House:… https://t.co/1IAxkFizbd"
83,0.1531,Sat Jun 09 01:29:31 +0000 2018,0.745,0.112,0.144,84,@cbsnews,yellow,Special counsel brings new charges against President Trump's campaign chairman Paul Manafort and a longtime associa… https://t.co/Zdgogo6XPW
84,0.5859,Sat Jun 09 01:09:45 +0000 2018,0.758,0.0,0.242,85,@cbsnews,yellow,"""We appreciate President Trump's sentiment, but a pardon is unnecessary,"" says the lawyer for late heavyweight boxi… https://t.co/kMg5ejkSoP"
85,0.431,Sat Jun 09 00:49:35 +0000 2018,0.645,0.142,0.213,86,@cbsnews,yellow,"The threats facing our oceans might seem like an overwhelming tsunami of problems, but there is still hope. Here ar… https://t.co/pQVVMv5yCH"
86,-0.7319,Sat Jun 09 00:29:48 +0000 2018,0.618,0.305,0.077,87,@cbsnews,yellow,"If you or someone you know is struggling or in crisis, you are not alone. https://t.co/OzkLuk4t2k https://t.co/6ewHgkL6mp"
87,0.0,Sat Jun 09 00:09:39 +0000 2018,1.0,0.0,0.0,88,@cbsnews,yellow,Israeli troops used tear gas and live ammunition on thousands of Palestinian protestors Friday. Officials say four… https://t.co/ri7jZtvdDF
88,0.0,Fri Jun 08 23:49:36 +0000 2018,1.0,0.0,0.0,89,@cbsnews,yellow,"Culinary war-correspondent. Back-of-house immigration advocate. Humanitarian travel writer. A breaker of molds, Ant… https://t.co/bNcQCJSzwk"
89,0.4404,Fri Jun 08 23:29:34 +0000 2018,0.868,0.0,0.132,90,@cbsnews,yellow,A New York taxi medallion used to be a safe investment to park one's life savings in. Ride-share competition has le… https://t.co/Rjxqi3YkMi
90,-0.1154,Fri Jun 08 23:10:27 +0000 2018,0.935,0.065,0.0,91,@cbsnews,yellow,"He risked his life, traveling thousands of miles to cross the U.S. border, but his journey is far from over. Stream… https://t.co/mu48Q6mYlv"
91,-0.296,Fri Jun 08 22:59:52 +0000 2018,0.896,0.104,0.0,92,@cbsnews,yellow,"RT @CBSEveningNews: A woman vanished today by a lake in south Florida
 
The chief suspect in her disappearance is a large alligator

@David…"
92,0.2732,Fri Jun 08 22:55:43 +0000 2018,0.9,0.0,0.1,93,@cbsnews,yellow,An Ohio teen with cerebral palsy walked in her high school graduation to her mother's surprise and a standing ovati… https://t.co/FlNZIJDPni
93,-0.6486,Fri Jun 08 22:44:22 +0000 2018,0.837,0.163,0.0,94,@cbsnews,yellow,RT @CBSEveningNews: Celebrity chef Anthony Bourdain was found dead today in his hotel room in France -- an official said he hanged himself…
94,-0.4215,Fri Jun 08 22:33:36 +0000 2018,0.676,0.203,0.122,95,@cbsnews,yellow,An American special forces soldier was killed and four other servicemen were wounded during a multiple-day operatio… https://t.co/hvcglo1SOg
95,0.0,Fri Jun 08 22:15:04 +0000 2018,1.0,0.0,0.0,96,@cbsnews,yellow,"""The Worm"" is going to Singapore; White House officials, however, have repeatedly said that former NBA star Dennis… https://t.co/UM8lMGC8wG"
96,0.0,Fri Jun 08 22:00:00 +0000 2018,1.0,0.0,0.0,97,@cbsnews,yellow,"Mitt Romney, formerly the face of the ""Never Trump"" movement in 2016, sees the president being re-nominated ""easily… https://t.co/ZFQfrlOX2u"
97,0.0772,Fri Jun 08 21:19:41 +0000 2018,0.936,0.0,0.064,98,@cbsnews,yellow,Democratic senators want to know if anyone on Wall Street was tipped off with information related to President Trum… https://t.co/80kOsMl9Se
98,0.0,Fri Jun 08 21:06:36 +0000 2018,1.0,0.0,0.0,99,@cbsnews,yellow,"WATCH LIVE: Pres. Trump, Canadian PM Justin Trudeau meet at G7 summit in Charlevoix, Quebec https://t.co/k6VYtNcnL0 https://t.co/ji6kozHSPV"
99,0.0,Fri Jun 08 21:00:01 +0000 2018,1.0,0.0,0.0,100,@cbsnews,yellow,Revelations of a Chinese cyberattack on a U.S. Navy contractor comes days before President Trump attends a summit w… https://t.co/mfrUgWGXxt
0,-0.5994,Sat Jun 09 21:35:59 +0000 2018,0.71,0.29,0.0,1,@bbcnews,red,Terry Flanagan loses to Maurice Hooker in fight for vacant WBO super-lightweight title https://t.co/j3zqqNhhAJ
1,0.0,Sat Jun 09 21:10:44 +0000 2018,1.0,0.0,0.0,2,@bbcnews,red,World Cup warm-up match: Spain 1-0 Tunisia https://t.co/qdiX0IsEwq
2,0.0,Sat Jun 09 20:42:33 +0000 2018,1.0,0.0,0.0,3,@bbcnews,red,World record set for largest skinny dip on Co Wicklow beach https://t.co/LUb3JfEqSK
3,-0.128,Sat Jun 09 20:19:43 +0000 2018,0.842,0.158,0.0,4,@bbcnews,red,House in flames after lightning strike near Lenzie https://t.co/xPExU3zQLG
4,0.0,Sat Jun 09 19:26:19 +0000 2018,1.0,0.0,0.0,5,@bbcnews,red,Sebastian Vettel on pole in Canada https://t.co/salEJlFiT9
5,-0.6486,Sat Jun 09 19:26:19 +0000 2018,0.569,0.431,0.0,6,@bbcnews,red,Disruptive passenger on Jet2 flight banned for life https://t.co/rxjp1YOOcw
6,-0.3182,Sat Jun 09 19:12:31 +0000 2018,0.777,0.223,0.0,7,@bbcnews,red,Welsh Labour leader-selection row points to wider struggle https://t.co/86PEpTGs58
7,0.0,Sat Jun 09 19:01:08 +0000 2018,1.0,0.0,0.0,8,@bbcnews,red,Trump at G7: Who's who in Merkel's photo? https://t.co/OGZos8I875
8,0.8074,Sat Jun 09 18:26:09 +0000 2018,0.57,0.0,0.43,9,@bbcnews,red,Toulon Tournament: England U21s secure third successive title with 2-1 win over Mexico https://t.co/2W0gQXVFVe
9,0.0,Sat Jun 09 18:23:57 +0000 2018,1.0,0.0,0.0,10,@bbcnews,red,"Nabil Fekir: Liverpool target staying at Lyon, says Ligue 1 club https://t.co/hTngzYS508"
10,-0.4019,Sat Jun 09 17:30:35 +0000 2018,0.828,0.172,0.0,11,@bbcnews,red,England women lose to South Africa by seven wickets in ODI series opener https://t.co/DHhhR9VRCs
11,0.0,Sat Jun 09 17:09:52 +0000 2018,1.0,0.0,0.0,12,@bbcnews,red,South Africa beat England 42-39 in first Test in Johannesburg https://t.co/08MaH8SUQM
12,0.0,Sat Jun 09 17:02:50 +0000 2018,1.0,0.0,0.0,13,@bbcnews,red,Hailstorm halts M9 motorway traffic https://t.co/qi7hyVjwtH
13,-0.6249,Sat Jun 09 17:00:26 +0000 2018,0.381,0.505,0.114,14,@bbcnews,red,Stalking victim calls for harsher sentences https://t.co/NrElQRGG99
14,0.0258,Sat Jun 09 16:16:49 +0000 2018,0.793,0.101,0.106,15,@bbcnews,red,"RT @BBCWorld: Inside Afghanistan's only secure psychiatric unit.  The BBC investigates the lasting effects of conflict in the country. 
(Th…"
15,0.3612,Sat Jun 09 16:02:33 +0000 2018,0.872,0.0,0.128,16,@bbcnews,red,"RT @BBCWorld: Russian workers being taught how to smile more ahead of the World Cup 
☺️☺️
https://t.co/WBNlLAf9Nt https://t.co/uyLxrpKct6"
16,0.0,Sat Jun 09 16:00:23 +0000 2018,1.0,0.0,0.0,17,@bbcnews,red,"World Cup 2018: Young players to watch in Russia - including 'El Chucky', 'The Sergeant' &amp; 'The Bull' https://t.co/a445gltfrF"
17,0.0,Sat Jun 09 15:58:02 +0000 2018,1.0,0.0,0.0,18,@bbcnews,red,French Open 2018: Simona Halep beats Sloane Stephens in final https://t.co/5n2QG6NfBq
18,-0.1027,Sat Jun 09 15:58:01 +0000 2018,0.851,0.149,0.0,19,@bbcnews,red,SNP conference: Sturgeon announces 'immediate' NHS pay rise https://t.co/gruK54Mlv1
19,0.0,Sat Jun 09 15:28:40 +0000 2018,1.0,0.0,0.0,20,@bbcnews,red,England v South Africa: Sarah Taylor's quick glovework sees Sune Luus dismissed for duck https://t.co/2U4w8asIfp
20,0.5719,Sat Jun 09 15:11:21 +0000 2018,0.802,0.0,0.198,21,@bbcnews,red,"Trooping the Colour: Four things about the event that celebrates the Queen's official birthday
👑… https://t.co/SGNEkrd9yo"
21,0.5423,Sat Jun 09 14:45:34 +0000 2018,0.868,0.0,0.132,22,@bbcnews,red,"RT @BBCWorld: US President @realDonaldTrump says he is ""on a mission of peace"" when he travels to Singapore to meet Kim Jong-un for the US-…"
22,0.5859,Sat Jun 09 14:45:31 +0000 2018,0.806,0.0,0.194,23,@bbcnews,red,"RT @BBCWorld: ""The United States has been taken advantage of for decades.. and we can't do that anymore""- US President @realDonaldTrump on…"
23,0.5859,Sat Jun 09 14:28:44 +0000 2018,0.725,0.0,0.275,24,@bbcnews,red,WSBK: Rea breaks victories record in Brno with 60th win https://t.co/4MouNPtf0I
24,0.0,Sat Jun 09 14:21:44 +0000 2018,1.0,0.0,0.0,25,@bbcnews,red,Trooping the Colour: Royals watch RAF flypast for Queen's birthday https://t.co/xx6aNoZ55V
25,0.0,Sat Jun 09 13:49:20 +0000 2018,1.0,0.0,0.0,26,@bbcnews,red,"The first Bond girl, Eunice Grayson, dies at 90 https://t.co/NZNj4GVnYB"
26,0.0,Sat Jun 09 13:46:58 +0000 2018,1.0,0.0,0.0,27,@bbcnews,red,John Lasseter: Disney animation head to quit after misconduct claims https://t.co/dZd3Hh8zQf
27,0.5859,Sat Jun 09 13:46:58 +0000 2018,0.696,0.0,0.304,28,@bbcnews,red,Birthday Honours 2018: CBE for Network Rail boss 'slap in the face' https://t.co/buXxv6ntjT
28,0.5267,Sat Jun 09 13:22:54 +0000 2018,0.815,0.0,0.185,29,@bbcnews,red,"RT @BBCSport: Australia have ended Ireland's 12-game winning run.

👉 https://t.co/Msu0iZutc9

#bbcrugby https://t.co/FEdrdvYadC"
29,0.3612,Sat Jun 09 13:14:55 +0000 2018,0.828,0.0,0.172,30,@bbcnews,red,"RT @BBCNews: Serena Williams should be ready for Wimbledon, says her coach https://t.co/wWMQmZEckl"
30,0.3612,Sat Jun 09 12:53:57 +0000 2018,0.8,0.0,0.2,31,@bbcnews,red,"Serena Williams should be ready for Wimbledon, says her coach https://t.co/wWMQmZEckl"
31,-0.6908,Sat Jun 09 12:28:10 +0000 2018,0.612,0.388,0.0,32,@bbcnews,red,Sofija Kaczan death: Man in court charged with 100-year-old's manslaughter https://t.co/CwjfOCJnPu
32,0.3612,Sat Jun 09 12:25:55 +0000 2018,0.737,0.0,0.263,33,@bbcnews,red,Taliban agree three-day Eid ceasefire in Afghanistan https://t.co/J8edT9yKWI
33,0.0,Sat Jun 09 12:25:54 +0000 2018,1.0,0.0,0.0,34,@bbcnews,red,"Boy, 8, youngest to climb Old Man of Hoy https://t.co/ReLsewDDlx"
34,0.5267,Sat Jun 09 12:21:08 +0000 2018,0.764,0.0,0.236,35,@bbcnews,red,Australia 18-9 Ireland: Tourists' 12-game winning run comes to an end https://t.co/ZYiTjpCWIW
35,0.0,Sat Jun 09 12:17:20 +0000 2018,1.0,0.0,0.0,36,@bbcnews,red,The Royal family watch the RAF flypast from Buckingham Palace. 23 aircraft are taking part to mark the Queen's offi… https://t.co/SlJuDPXe7m
36,-0.7184,Sat Jun 09 11:59:48 +0000 2018,0.75,0.25,0.0,37,@bbcnews,red,A 41 gun salute is fired to mark the Queen's official birthday at the Trooping the Colour ceremony in London… https://t.co/JhOinaavAW
37,-0.3818,Sat Jun 09 11:53:40 +0000 2018,0.822,0.178,0.0,38,@bbcnews,red,World Cup 2018: Can you name the losing finalists from previous tournaments? https://t.co/RSNuvOYgU3
38,0.088,Sat Jun 09 11:40:02 +0000 2018,0.802,0.091,0.107,39,@bbcnews,red,RT @bbcweather: Plenty of broken cloud and sunshine for most this afternoon but some sharp showers a nuisance too! Lou L https://t.co/BowtJ…
39,0.0516,Sat Jun 09 11:12:24 +0000 2018,0.486,0.25,0.264,40,@bbcnews,red,ICYMI: Beauty pageants and Star Wars - burlesque style https://t.co/DAJNwy5PoO
40,0.0,Sat Jun 09 11:05:38 +0000 2018,1.0,0.0,0.0,41,@bbcnews,red,England v South Africa: Heather Knight is dismissed by Marizanne Kapp https://t.co/1H8NOhH2iP
41,0.0,Sat Jun 09 11:05:36 +0000 2018,1.0,0.0,0.0,42,@bbcnews,red,Trump and Macron in handshake showdown at G7 summit https://t.co/8Oq87iulUd
42,0.0,Sat Jun 09 10:56:18 +0000 2018,1.0,0.0,0.0,43,@bbcnews,red,The Trooping the Colour parade which marks the Queen's official birthday is underway in London. The Queen and Duke… https://t.co/pSKtDyPg6q
43,0.0,Sat Jun 09 10:42:28 +0000 2018,1.0,0.0,0.0,44,@bbcnews,red,Five ways Paul Dacre's Daily Mail left its mark on Britain https://t.co/v5yBMpXygv
44,0.0,Sat Jun 09 10:42:28 +0000 2018,1.0,0.0,0.0,45,@bbcnews,red,'Bride of Belsen' Gena Turgel dies at 95 https://t.co/k2y5Xyj69h
45,-0.5719,Sat Jun 09 10:26:30 +0000 2018,0.684,0.316,0.0,46,@bbcnews,red,Tyson Fury v Sefer Seferi: An unusual heavyweight weigh-in https://t.co/MH1Nizl9CX
46,0.296,Sat Jun 09 10:12:37 +0000 2018,0.82,0.0,0.18,47,@bbcnews,red,Trooping the Colour: Meghan and Harry join Queen at parade https://t.co/lVdEeeeUHZ
47,0.4404,Sat Jun 09 09:58:43 +0000 2018,0.775,0.0,0.225,48,@bbcnews,red,England for the World Cup? SNP delegates on football loyalties https://t.co/9gLG2cOBQi
48,0.0,Sat Jun 09 09:11:54 +0000 2018,1.0,0.0,0.0,49,@bbcnews,red,Game of Thrones: HBO orders spinoff prequel pilot https://t.co/nkuSCMfz1b
49,0.0,Sat Jun 09 09:10:55 +0000 2018,1.0,0.0,0.0,50,@bbcnews,red,"RT @BBCWorld: Form is temporary, class is permanent. Which counts more at the World Cup? 
⚽🏃‍♂️ @BBCRealityCheck has crunched the numbers
h…"
50,0.0,Sat Jun 09 07:22:07 +0000 2018,1.0,0.0,0.0,51,@bbcnews,red,G7 summit dogged by divisions between Trump and allies https://t.co/KIa4SMpuwh
51,-0.1531,Sat Jun 09 07:06:06 +0000 2018,0.849,0.151,0.0,52,@bbcnews,red,'No dogs allowed' - but what about my assistance dog? https://t.co/xNAlYEacoO
52,-0.128,Sat Jun 09 06:59:22 +0000 2018,0.592,0.219,0.189,53,@bbcnews,red,Birthday Honours 2018: Network Rail boss made CBE amid travel chaos https://t.co/kHWuDHQ9VV
53,0.6369,Sat Jun 09 06:33:42 +0000 2018,0.724,0.0,0.276,54,@bbcnews,red,Canadian GP: Fernando Alonso says 'I'm one of F1's best ever' https://t.co/p81nnU1g6j
54,0.0,Sat Jun 09 05:50:03 +0000 2018,1.0,0.0,0.0,55,@bbcnews,red,South Africa v England: Siya Kolisi - the Springboks captain uniting a country https://t.co/QTMak9yU1c
55,0.0,Sat Jun 09 02:28:36 +0000 2018,1.0,0.0,0.0,56,@bbcnews,red,Meat traces 'found in supermarket vegetarian meals' https://t.co/SIiQRLgK3Z
56,0.0,Sat Jun 09 02:07:26 +0000 2018,1.0,0.0,0.0,57,@bbcnews,red,Maria Esther Bueno: Brazilian star of 1960s women's tennis dies https://t.co/NMc3hai0V5
57,-0.2023,Sat Jun 09 01:16:16 +0000 2018,0.859,0.141,0.0,58,@bbcnews,red,"Boy, 14, charged over string of moped thefts in north London https://t.co/ulne7N3EOv"
58,-0.5994,Sat Jun 09 00:15:31 +0000 2018,0.719,0.281,0.0,59,@bbcnews,red,Pregnant and anorexic: 'I was told my baby could die' https://t.co/agj4vcYoSS
59,0.0,Sat Jun 09 00:15:31 +0000 2018,1.0,0.0,0.0,60,@bbcnews,red,US election 2018: The women lining up to topple Trump https://t.co/1kql7F8lMI
60,0.0,Sat Jun 09 00:15:31 +0000 2018,1.0,0.0,0.0,61,@bbcnews,red,Week in pictures: 2 - 8 June 2018 https://t.co/Yt5FdlgG0H
61,-0.3612,Sat Jun 09 00:15:31 +0000 2018,0.8,0.2,0.0,62,@bbcnews,red,Barbed wire and smuggled crabs: Watching North Korea from China https://t.co/g1OL6JN7gt
62,0.0,Sat Jun 09 00:15:31 +0000 2018,1.0,0.0,0.0,63,@bbcnews,red,Anthony Bourdain: Why his travel shows had global appeal https://t.co/0ek8fVzGLJ
63,0.0,Sat Jun 09 00:15:30 +0000 2018,1.0,0.0,0.0,64,@bbcnews,red,Trump Kim summit: Who's pulling the strings? https://t.co/MYuBFgLPGc
64,0.0258,Sat Jun 09 00:15:30 +0000 2018,0.909,0.0,0.091,65,@bbcnews,red,World Cup 2018: Does form matter for teams competing in Russia? https://t.co/eoIaJmbOZU
65,0.0,Sat Jun 09 00:15:30 +0000 2018,1.0,0.0,0.0,66,@bbcnews,red,It's the world's longest non-stop flight... for now https://t.co/ZUUS3UK2Xn
66,-0.6369,Sat Jun 09 00:15:30 +0000 2018,0.682,0.318,0.0,67,@bbcnews,red,Tayyaba abuse case shines light on Pakistan's child maids https://t.co/mL3puqGfC9
67,0.4404,Sat Jun 09 00:15:30 +0000 2018,0.791,0.0,0.209,68,@bbcnews,red,Suffrage centenary: The women getting creative and going on the march https://t.co/EbQCWL2n2I
68,0.3612,Sat Jun 09 00:08:31 +0000 2018,0.783,0.0,0.217,69,@bbcnews,red,Why Russian workers are being taught how to smile https://t.co/vY98gixMx9
69,0.0,Fri Jun 08 23:32:59 +0000 2018,1.0,0.0,0.0,70,@bbcnews,red,More than a million on social housing waiting lists https://t.co/J3BQozhQUf
70,0.0,Fri Jun 08 23:32:59 +0000 2018,1.0,0.0,0.0,71,@bbcnews,red,Trooping the Colour: Guardsman first to wear turban https://t.co/EiQZvEI7DS
71,0.4019,Fri Jun 08 23:32:59 +0000 2018,0.722,0.0,0.278,72,@bbcnews,red,Business leaders urged to help run schools https://t.co/gIrgtPRcY5
72,0.4939,Fri Jun 08 23:15:25 +0000 2018,0.714,0.0,0.286,73,@bbcnews,red,Queen’s Birthday Honours 2018: Underwater photographer gets MBE https://t.co/MtjFZyjpy0
73,-0.4939,Fri Jun 08 23:15:25 +0000 2018,0.738,0.262,0.0,74,@bbcnews,red,China hackers steal data from US Navy contractor - reports https://t.co/EO3OrqqlRD
74,0.2263,Fri Jun 08 23:13:06 +0000 2018,0.56,0.184,0.256,75,@bbcnews,red,Newspaper headlines: Birthday honours and a disruptive President Trump https://t.co/WE0tztTAEu
75,0.1027,Fri Jun 08 23:05:54 +0000 2018,0.641,0.167,0.192,76,@bbcnews,red,French Open 2018: Simona Halep aims for maiden Grand Slam title https://t.co/ZaDcfJtZV0
76,0.4939,Fri Jun 08 22:54:20 +0000 2018,0.714,0.0,0.286,77,@bbcnews,red,Queen’s Birthday Honours 2018: Lizzy Yarnold becomes OBE https://t.co/npOYSIKoFi
77,0.4939,Fri Jun 08 22:54:19 +0000 2018,0.758,0.0,0.242,78,@bbcnews,red,Queen’s Birthday Honours 2018: MBE for TV gardener Monty Don https://t.co/NLu1eq0cNk
78,0.4939,Fri Jun 08 22:54:19 +0000 2018,0.738,0.0,0.262,79,@bbcnews,red,"Queen’s Birthday Honours 2018: Poppy seller, 103, gets MBE https://t.co/vJmlNdMOEZ"
79,0.4939,Fri Jun 08 22:54:19 +0000 2018,0.775,0.0,0.225,80,@bbcnews,red,Queen’s Birthday Honours 2018: Nurse for first HIV patients gets OBE https://t.co/DFtlDgptjO
80,0.0,Fri Jun 08 22:54:17 +0000 2018,1.0,0.0,0.0,81,@bbcnews,red,Leo Varadkar is first taoiseach to visit Orange Order HQ https://t.co/Fz3BqrT4zU
81,0.4939,Fri Jun 08 22:35:29 +0000 2018,0.652,0.0,0.348,82,@bbcnews,red,Could an emoji save your life? https://t.co/yKQEpIIeKy
82,0.0,Fri Jun 08 22:35:29 +0000 2018,1.0,0.0,0.0,83,@bbcnews,red,Anthony Bourdain: Five of his tips for eating out https://t.co/O8UHzvePFG
83,0.7506,Fri Jun 08 22:33:04 +0000 2018,0.584,0.0,0.416,84,@bbcnews,red,Birthday Honours 2018: Health workers honoured in NHS 70th year https://t.co/JOYploUs7f
84,0.6369,Fri Jun 08 22:25:48 +0000 2018,0.634,0.0,0.366,85,@bbcnews,red,Taylor Swift praises Manchester's 'incredible resilience' as UK tour launches https://t.co/W5ljCGMlPT
85,0.0,Fri Jun 08 22:02:05 +0000 2018,1.0,0.0,0.0,86,@bbcnews,red,Trump Kim: Impersonators buddy up in Singapore https://t.co/v1FmqlErzf
86,0.0,Fri Jun 08 22:02:05 +0000 2018,1.0,0.0,0.0,87,@bbcnews,red,Brexit trade proposals will not be published until after EU summit https://t.co/Bx9yWmBS5v
87,0.3612,Fri Jun 08 21:58:17 +0000 2018,0.828,0.0,0.172,88,@bbcnews,red,"Saturday’s Telegraph: ""Meat found in vegan ready meals"" #tomorrowspaperstoday #bbcpapers (via @BBCHelenaLee) https://t.co/Qwmok5xuBX"
88,0.0,Fri Jun 08 21:58:01 +0000 2018,1.0,0.0,0.0,89,@bbcnews,red,"Saturday’s Express: ""New law to tackle moped muggers"" #tomorrowspaperstoday #bbcpapers (via @BBCHelenaLee) https://t.co/UtUQLCk6yt"
89,0.0,Fri Jun 08 21:57:50 +0000 2018,1.0,0.0,0.0,90,@bbcnews,red,"Saturday’s Daily Mail: ""Off the rails!"" #tomorrowspaperstoday #bbcpapers (via @BBCHelenaLee) https://t.co/v8a1aZkBmj"
90,-0.34,Fri Jun 08 21:57:25 +0000 2018,0.821,0.179,0.0,91,@bbcnews,red,"Saturday’s Guardian: ""Army ads targeting stressed teenagers"" #tomorrowspaperstoday #bbcpapers (via @BBCHelenaLee) https://t.co/Lg0fYYcbGL"
91,0.0,Fri Jun 08 21:57:05 +0000 2018,1.0,0.0,0.0,92,@bbcnews,red,"Saturday’s Sun: ""Tosh &amp; Becks"" #tomorrowspaperstoday #bbcpapers (via @BBCHelenaLee) https://t.co/tqo84swF0g"
92,0.0,Fri Jun 08 21:56:51 +0000 2018,1.0,0.0,0.0,93,@bbcnews,red,"Saturday’s Times: ""Trump turns up the heat as G7 splits over Russia"" #tomorrowspaperstoday #bbcpapers (via… https://t.co/EXbSG1x8vR"
93,0.0,Fri Jun 08 21:56:32 +0000 2018,1.0,0.0,0.0,94,@bbcnews,red,"Saturday's Mirror: ""Sir Kenny"" #tomorrowspaperstoday #bbcpapers (via @BBCHelenaLee) https://t.co/50XuaBXtHG"
94,0.8126,Fri Jun 08 21:56:05 +0000 2018,0.619,0.0,0.381,95,@bbcnews,red,"Saturday's i: ""Birthday honours for the best of British"" #tomorrowspaperstoday #bbcpapers (via @BBCHelenaLee) https://t.co/pG68kIY6GZ"
95,0.0258,Fri Jun 08 21:55:24 +0000 2018,0.727,0.133,0.139,96,@bbcnews,red,"Saturday's FT: ""BT cuts off Patterson to calm City"" #tomorrowspaperstoday #bbcpapers (via @BBCHelenaLee) https://t.co/6A2AgGF3Yx"
96,0.5994,Fri Jun 08 21:54:59 +0000 2018,0.672,0.0,0.328,97,@bbcnews,red,Super League: St Helens 26-4 Hull Kingston Rovers https://t.co/9oNaXzNxw1
97,0.7964,Fri Jun 08 21:40:56 +0000 2018,0.552,0.0,0.448,98,@bbcnews,red,Richard Scudamore: Premier League chief plays down prospect of European super league https://t.co/MVs26qXe6G
98,0.4939,Fri Jun 08 21:40:56 +0000 2018,0.652,0.0,0.348,99,@bbcnews,red,Birthday Honours 2018: Twelve famous faces https://t.co/87DmVSVOmx
99,-0.7184,Fri Jun 08 21:36:06 +0000 2018,0.6,0.4,0.0,100,@bbcnews,red,Sir Elton John urges social media boycott over hate speech https://t.co/R1daWpz9yt
